-- phpMyAdmin SQL Dump
-- version 5.2.1
-- https://www.phpmyadmin.net/
--
-- Servidor: 127.0.0.1
-- Tiempo de generación: 12-12-2025 a las 06:08:23
-- Versión del servidor: 10.4.32-MariaDB
-- Versión de PHP: 8.2.12

SET SQL_MODE = "NO_AUTO_VALUE_ON_ZERO";
START TRANSACTION;
SET time_zone = "+00:00";


/*!40101 SET @OLD_CHARACTER_SET_CLIENT=@@CHARACTER_SET_CLIENT */;
/*!40101 SET @OLD_CHARACTER_SET_RESULTS=@@CHARACTER_SET_RESULTS */;
/*!40101 SET @OLD_COLLATION_CONNECTION=@@COLLATION_CONNECTION */;
/*!40101 SET NAMES utf8mb4 */;

--
-- Base de datos: `enroute_aqp_db`
--

-- --------------------------------------------------------

--
-- Estructura de tabla para la tabla `historial_viajes`
--

CREATE TABLE `historial_viajes` (
  `id` int(11) NOT NULL,
  `id_usuario` int(11) NOT NULL,
  `id_linea` int(11) NOT NULL,
  `paradero_subida` varchar(255) NOT NULL,
  `paradero_bajada` varchar(255) NOT NULL,
  `nombre_linea` varchar(100) NOT NULL,
  `tiempo_estimado` int(11) NOT NULL COMMENT 'Tiempo estimado en minutos',
  `precio` decimal(5,2) DEFAULT 1.00 COMMENT 'Precio del viaje en soles',
  `fecha_viaje` timestamp NOT NULL DEFAULT current_timestamp()
) ENGINE=InnoDB DEFAULT CHARSET=utf8mb4 COLLATE=utf8mb4_general_ci COMMENT='Historial de viajes realizados por los usuarios';

-- --------------------------------------------------------

--
-- Estructura de tabla para la tabla `lineas`
--

CREATE TABLE `lineas` (
  `id_linea` int(11) NOT NULL,
  `nombre` varchar(100) NOT NULL,
  `descripcion` varchar(200) DEFAULT NULL
) ENGINE=InnoDB DEFAULT CHARSET=utf8mb4 COLLATE=utf8mb4_general_ci;

--
-- Volcado de datos para la tabla `lineas`
--

INSERT INTO `lineas` (`id_linea`, `nombre`, `descripcion`) VALUES
(1, 'COTUM Express A1-IDA', 'Terminal COTUM Express S.A.C. -> La Merced'),
(2, 'COTUM Express A1-VUELTA', 'La Merced -> Terminal COTUM Express S.A.C.'),
(3, 'Emarsistran A13-IDA', 'Paradero Emarsistran S.A. (Umapalca) -> Grifo San Fernando - Repsol'),
(4, 'Emarsistran A13-VUELTA', 'Grifo San Fernando - Repsol -> Paradero Emarsistran S.A. (Umapalca)'),
(5, 'Union AQP A14-IDA', 'Terminal Unión AQP S.A. (El Mirador) -> La Salle'),
(6, 'Union AQP A14-VUELTA', 'La Salle -> Terminal Unión AQP S.A. (El Mirador)'),
(7, 'Union AQP A15-IDA', 'Terminal Unión AQP (El Salvador) -> Policlínico Metropolitano EsSalud (Seguro Social)'),
(8, 'Union AQP A15-VUELTA', 'Policlínico Metropolitano EsSalud (Seguro Social) -> Terminal Unión AQP (El Salvador)'),
(9, 'COTUM Express A17-IDA', 'Terminal COTUM Express S.A.C. -> Grifo Monterrey'),
(10, 'COTUM Express A17-VUELTA', 'Grifo Monterrey -> Terminal COTUM Express S.A.C.'),
(11, 'Emarsistran A18-IDA', 'Terminal Emarsistran S.A. (El Pasto) -> Piscina Lonccos y Ccalas'),
(12, 'Emarsistran A18-VUELTA', 'Piscina Lonccos y Ccalas -> Terminal Emarsistran S.A. (El Pasto)'),
(13, 'Megabus AQP A19-IDA', 'Megabus AQP S.A.C. (Ampliación Pampas del Cusco) -> Plataforma Andrés Avelino Cáceres'),
(14, 'Megabus AQP A19-VUELTA', 'Plataforma Andrés Avelino Cáceres -> Megabus AQP S.A.C. (Ampliación Pampas del Cusco)'),
(15, 'AQP Masivo A10-IDA', 'Terminal AQP Masivo S.A.C. (Villa Santa Rosa) -> Terminal Terrestre'),
(16, 'AQP Masivo A10-VUELTA', 'Terminal Terrestre -> Terminal AQP Masivo S.A.C. (Villa Santa Rosa)'),
(17, 'Emarsistran A11-IDA', 'Paradero Emarsistran S.A. (Horacio Zeballos Gámez) -> Estación Sur Lara'),
(18, 'Emarsistran A11-VUELTA', 'Estación Sur Lara -> Paradero Emarsistran S.A. (Horacio Zeballos Gámez)'),
(19, 'Emarsistran A12-IDA', 'Terminal Emarsistran S.A. (La Campiña) -> Estación Sur Lara'),
(20, 'Emarsistran A12-VUELTA', 'Estación Sur Lara -> Terminal Emarsistran S.A. (La Campiña)'),
(21, 'COTUM Express A-8-IDA', 'Lima --> José Olaya'),
(22, 'COTUM Express A-8-VUELTA', 'José Olaya --> Complejo deportivo del Colegio Internacional'),
(23, 'COTUM Express A-9-IDA', 'Lima (Semi Rural Pachacútec) --> Cerro Viejo (Salamanca)'),
(24, 'COTUM Express A-9-VUELTA', 'Cerro Viejo (Salamanca) --> Arequipa (Semi Rural Pachacútec)'),
(25, 'Integra Arequipa BT-1-IDA', 'Estación Norte terminal Pesquero (Río Seco) --> Lara'),
(26, 'Integra Arequipa BT-1-VUELTA', 'Lara --> Terminal Pesquero (Río Seco)'),
(27, 'Integra Arequipa BT-2-IDA', 'Lara --> Estación Norte Terminal Pesquero (Río Seco)'),
(28, 'Integra Arequipa BT-2-VUELTA', 'Estación Norte terminal Pesquero (Río Seco) --> Lara'),
(29, 'Megabus AQP T-20-IDA', 'Terminal MegaBus AQP S.A.C (Villa el Triunfo) --> Las Begonias'),
(30, 'Megabus AQP T-20-VUELTA', 'Las Begonias (Altura del Puente Peatonal) --> Terminal MegaBus AQP S.A.C (Villa el Triunfo)'),
(31, 'z35', 'aeropuerto -> centro ida'),
(32, 'Jordi The Dickboy', 'Jordi The Dickboy');

-- --------------------------------------------------------

--
-- Estructura de tabla para la tabla `linea_paraderos`
--

CREATE TABLE `linea_paraderos` (
  `id_linea_paradero` int(11) NOT NULL,
  `id_linea` int(11) NOT NULL,
  `id_paradero` int(11) NOT NULL,
  `orden` int(11) NOT NULL
) ENGINE=InnoDB DEFAULT CHARSET=utf8mb4 COLLATE=utf8mb4_general_ci;

--
-- Volcado de datos para la tabla `linea_paraderos`
--

INSERT INTO `linea_paraderos` (`id_linea_paradero`, `id_linea`, `id_paradero`, `orden`) VALUES
(1, 1, 1, 1),
(2, 1, 2, 2),
(3, 1, 3, 3),
(4, 1, 4, 4),
(5, 1, 5, 5),
(6, 1, 6, 6),
(7, 1, 7, 7),
(8, 1, 8, 8),
(9, 1, 9, 9),
(10, 1, 10, 10),
(11, 1, 11, 11),
(12, 1, 12, 12),
(13, 1, 13, 13),
(14, 1, 14, 14),
(15, 1, 15, 15),
(16, 1, 16, 16),
(17, 1, 17, 17),
(18, 1, 18, 18),
(19, 1, 19, 19),
(20, 1, 20, 20),
(21, 1, 21, 21),
(22, 1, 22, 22),
(23, 1, 23, 23),
(24, 1, 24, 24),
(25, 1, 25, 25),
(26, 1, 26, 26),
(27, 1, 27, 27),
(28, 1, 28, 28),
(29, 1, 29, 29),
(30, 1, 30, 30),
(31, 1, 31, 31),
(32, 1, 32, 32),
(33, 1, 33, 33),
(34, 2, 33, 1),
(35, 2, 34, 2),
(36, 2, 35, 3),
(37, 2, 36, 4),
(38, 2, 37, 5),
(39, 2, 38, 6),
(40, 2, 39, 7),
(41, 2, 40, 8),
(42, 2, 41, 9),
(43, 2, 42, 10),
(44, 2, 43, 11),
(45, 2, 44, 12),
(46, 2, 45, 13),
(47, 2, 18, 14),
(48, 2, 46, 15),
(49, 2, 47, 16),
(50, 2, 48, 17),
(51, 2, 49, 18),
(52, 2, 13, 19),
(53, 2, 50, 20),
(54, 2, 51, 21),
(55, 2, 52, 22),
(56, 2, 53, 23),
(57, 2, 54, 24),
(58, 2, 55, 25),
(59, 2, 56, 26),
(60, 2, 57, 27),
(61, 2, 58, 28),
(62, 2, 2, 29),
(63, 2, 59, 30),
(64, 3, 60, 1),
(65, 3, 61, 2),
(66, 3, 62, 3),
(67, 3, 63, 4),
(68, 3, 64, 5),
(69, 3, 65, 6),
(70, 3, 66, 7),
(71, 3, 67, 8),
(72, 3, 68, 9),
(73, 3, 69, 10),
(74, 3, 70, 11),
(75, 3, 71, 12),
(76, 3, 72, 13),
(77, 3, 73, 14),
(78, 3, 74, 15),
(79, 3, 75, 16),
(80, 3, 76, 17),
(81, 3, 77, 18),
(82, 3, 78, 19),
(83, 3, 79, 20),
(84, 3, 80, 21),
(85, 3, 81, 22),
(86, 3, 82, 23),
(87, 3, 83, 24),
(88, 3, 84, 25),
(89, 3, 85, 26),
(90, 3, 86, 27),
(91, 3, 87, 28),
(92, 3, 88, 29),
(93, 3, 89, 30),
(94, 3, 90, 31),
(95, 3, 91, 32),
(96, 4, 91, 1),
(97, 4, 92, 2),
(98, 4, 93, 3),
(99, 4, 94, 4),
(100, 4, 95, 5),
(101, 4, 96, 6),
(102, 4, 97, 7),
(103, 4, 98, 8),
(104, 4, 99, 9),
(105, 4, 100, 10),
(106, 4, 101, 11),
(107, 4, 102, 12),
(108, 4, 103, 13),
(109, 4, 81, 14),
(110, 4, 80, 15),
(111, 4, 104, 16),
(112, 4, 105, 17),
(113, 4, 106, 18),
(114, 4, 107, 19),
(115, 4, 108, 20),
(116, 4, 109, 21),
(117, 4, 110, 22),
(118, 4, 72, 23),
(119, 4, 71, 24),
(120, 4, 111, 25),
(121, 4, 112, 26),
(122, 4, 68, 27),
(123, 4, 113, 28),
(124, 4, 66, 29),
(125, 4, 65, 30),
(126, 4, 64, 31),
(127, 4, 63, 32),
(128, 4, 114, 33),
(129, 4, 61, 34),
(130, 4, 60, 35),
(131, 5, 115, 1),
(132, 5, 116, 2),
(133, 5, 117, 3),
(134, 5, 118, 4),
(135, 5, 119, 5),
(136, 5, 120, 6),
(137, 5, 121, 7),
(138, 5, 122, 8),
(139, 5, 123, 9),
(140, 5, 124, 10),
(141, 5, 125, 11),
(142, 5, 126, 12),
(143, 5, 127, 13),
(144, 5, 128, 14),
(145, 5, 129, 15),
(146, 5, 130, 16),
(147, 5, 131, 17),
(148, 5, 132, 18),
(149, 5, 133, 19),
(150, 5, 134, 20),
(151, 5, 135, 21),
(152, 5, 136, 22),
(153, 5, 137, 23),
(154, 5, 138, 24),
(155, 5, 139, 25),
(156, 6, 139, 1),
(157, 6, 140, 2),
(158, 6, 135, 3),
(159, 6, 141, 4),
(160, 6, 142, 5),
(161, 6, 143, 6),
(162, 6, 144, 7),
(163, 6, 130, 8),
(164, 6, 129, 9),
(165, 6, 128, 10),
(166, 6, 127, 11),
(167, 6, 145, 12),
(168, 6, 146, 13),
(169, 6, 147, 14),
(170, 6, 123, 15),
(171, 6, 148, 16),
(172, 6, 149, 17),
(173, 6, 150, 18),
(174, 6, 151, 19),
(175, 6, 152, 20),
(176, 6, 116, 21),
(177, 6, 153, 22),
(178, 7, 154, 1),
(179, 7, 155, 2),
(180, 7, 156, 3),
(181, 7, 157, 4),
(182, 7, 158, 5),
(183, 7, 159, 6),
(184, 7, 160, 7),
(185, 7, 161, 8),
(186, 7, 162, 9),
(187, 7, 163, 10),
(188, 7, 164, 11),
(189, 7, 165, 12),
(190, 7, 166, 13),
(191, 7, 167, 14),
(192, 7, 168, 15),
(193, 7, 169, 16),
(194, 7, 170, 17),
(195, 7, 171, 18),
(196, 7, 172, 19),
(197, 7, 173, 20),
(198, 7, 174, 21),
(199, 7, 175, 22),
(200, 7, 176, 23),
(201, 7, 177, 24),
(202, 7, 178, 25),
(203, 7, 179, 26),
(204, 7, 180, 27),
(205, 7, 181, 28),
(206, 7, 142, 29),
(207, 8, 142, 1),
(208, 8, 182, 2),
(209, 8, 183, 3),
(210, 8, 184, 4),
(211, 8, 185, 5),
(212, 8, 186, 6),
(213, 8, 174, 7),
(214, 8, 187, 8),
(215, 8, 188, 9),
(216, 8, 189, 10),
(217, 8, 190, 11),
(218, 8, 169, 12),
(219, 8, 191, 13),
(220, 8, 192, 14),
(221, 8, 193, 15),
(222, 8, 194, 16),
(223, 8, 195, 17),
(224, 8, 196, 18),
(225, 8, 197, 19),
(226, 8, 198, 20),
(227, 8, 199, 21),
(228, 8, 200, 22),
(229, 8, 159, 23),
(230, 8, 201, 24),
(231, 8, 202, 25),
(232, 8, 156, 26),
(233, 8, 203, 27),
(234, 8, 154, 28),
(235, 9, 1, 1),
(236, 9, 204, 2),
(237, 9, 3, 3),
(238, 9, 4, 4),
(239, 9, 205, 5),
(240, 9, 206, 6),
(241, 9, 207, 7),
(242, 9, 208, 8),
(243, 9, 209, 9),
(244, 9, 210, 10),
(245, 9, 211, 11),
(246, 9, 212, 12),
(247, 9, 213, 13),
(248, 9, 214, 14),
(249, 9, 215, 15),
(250, 9, 216, 16),
(251, 9, 217, 17),
(252, 9, 218, 18),
(253, 9, 219, 19),
(254, 9, 220, 20),
(255, 9, 221, 21),
(256, 9, 222, 22),
(257, 9, 223, 23),
(258, 9, 224, 24),
(259, 10, 224, 1),
(260, 10, 225, 2),
(261, 10, 226, 3),
(262, 10, 227, 4),
(263, 10, 228, 5),
(264, 10, 219, 6),
(265, 10, 229, 7),
(266, 10, 230, 8),
(267, 10, 231, 9),
(268, 10, 232, 10),
(269, 10, 233, 11),
(270, 10, 234, 12),
(271, 10, 235, 13),
(272, 10, 236, 14),
(273, 10, 237, 15),
(274, 10, 238, 16),
(275, 10, 239, 17),
(276, 10, 240, 18),
(277, 10, 241, 19),
(278, 10, 242, 20),
(279, 10, 243, 21),
(280, 10, 244, 22),
(281, 10, 245, 23),
(282, 10, 246, 24),
(283, 10, 247, 25),
(284, 10, 204, 26),
(285, 10, 248, 27),
(286, 11, 249, 1),
(287, 11, 250, 2),
(288, 11, 251, 3),
(289, 11, 252, 4),
(290, 11, 253, 5),
(291, 11, 254, 6),
(292, 11, 255, 7),
(293, 11, 256, 8),
(294, 11, 257, 9),
(295, 11, 258, 10),
(296, 11, 259, 11),
(297, 11, 260, 12),
(298, 11, 261, 13),
(299, 11, 262, 14),
(300, 11, 263, 15),
(301, 11, 264, 16),
(302, 11, 265, 17),
(303, 11, 266, 18),
(304, 11, 267, 19),
(305, 11, 268, 20),
(306, 11, 269, 21),
(307, 11, 270, 22),
(308, 11, 271, 23),
(309, 11, 272, 24),
(310, 11, 273, 25),
(311, 11, 274, 26),
(312, 11, 275, 27),
(313, 11, 276, 28),
(314, 11, 277, 29),
(315, 11, 278, 30),
(316, 11, 279, 31),
(317, 11, 280, 32),
(318, 11, 281, 33),
(319, 11, 282, 34),
(320, 12, 282, 1),
(321, 12, 283, 2),
(322, 12, 284, 3),
(323, 12, 279, 4),
(324, 12, 285, 5),
(325, 12, 286, 6),
(326, 12, 287, 7),
(327, 12, 288, 8),
(328, 12, 289, 9),
(329, 12, 290, 10),
(330, 12, 291, 11),
(331, 12, 292, 12),
(332, 12, 293, 13),
(333, 12, 294, 14),
(334, 12, 295, 15),
(335, 12, 296, 16),
(336, 12, 297, 17),
(337, 12, 298, 18),
(338, 12, 299, 19),
(339, 12, 300, 20),
(340, 12, 301, 21),
(341, 12, 302, 22),
(342, 12, 303, 23),
(343, 12, 304, 24),
(344, 12, 305, 25),
(345, 12, 306, 26),
(346, 12, 307, 27),
(347, 12, 308, 28),
(348, 12, 255, 29),
(349, 12, 309, 30),
(350, 12, 253, 31),
(351, 12, 310, 32),
(352, 12, 251, 33),
(353, 12, 250, 34),
(354, 12, 249, 35),
(355, 13, 311, 1),
(356, 13, 312, 2),
(357, 13, 313, 3),
(358, 13, 314, 4),
(359, 13, 315, 5),
(360, 13, 316, 6),
(361, 13, 317, 7),
(362, 13, 318, 8),
(363, 13, 319, 9),
(364, 13, 320, 10),
(365, 13, 321, 11),
(366, 13, 322, 12),
(367, 13, 323, 13),
(368, 13, 324, 14),
(369, 13, 325, 15),
(370, 13, 326, 16),
(371, 13, 327, 17),
(372, 13, 328, 18),
(373, 13, 329, 19),
(374, 13, 330, 20),
(375, 13, 331, 21),
(376, 13, 332, 22),
(377, 13, 333, 23),
(378, 13, 334, 24),
(379, 14, 334, 1),
(380, 14, 335, 2),
(381, 14, 336, 3),
(382, 14, 337, 4),
(383, 14, 338, 5),
(384, 14, 339, 6),
(385, 14, 340, 7),
(386, 14, 341, 8),
(387, 14, 325, 9),
(388, 14, 324, 10),
(389, 14, 323, 11),
(390, 14, 322, 12),
(391, 14, 342, 13),
(392, 14, 343, 14),
(393, 14, 344, 15),
(394, 14, 345, 16),
(395, 14, 346, 17),
(396, 14, 347, 18),
(397, 14, 348, 19),
(398, 14, 314, 20),
(399, 14, 313, 21),
(400, 14, 349, 22),
(401, 14, 311, 23),
(402, 15, 350, 1),
(403, 15, 351, 2),
(404, 15, 352, 3),
(405, 15, 353, 4),
(406, 15, 354, 5),
(407, 15, 355, 6),
(408, 15, 356, 7),
(409, 15, 357, 8),
(410, 15, 358, 9),
(411, 15, 359, 10),
(412, 15, 360, 11),
(413, 15, 361, 12),
(414, 15, 362, 13),
(415, 15, 363, 14),
(416, 15, 364, 15),
(417, 15, 365, 16),
(418, 15, 366, 17),
(419, 15, 367, 18),
(420, 15, 368, 19),
(421, 15, 369, 20),
(422, 15, 370, 21),
(423, 15, 371, 22),
(424, 15, 372, 23),
(425, 15, 373, 24),
(426, 15, 374, 25),
(427, 15, 375, 26),
(428, 15, 376, 27),
(429, 15, 377, 28),
(430, 15, 378, 29),
(431, 15, 379, 30),
(432, 15, 380, 31),
(433, 15, 381, 32),
(434, 15, 382, 33),
(435, 15, 383, 34),
(436, 15, 384, 35),
(437, 15, 385, 36),
(438, 15, 386, 37),
(439, 15, 387, 38),
(440, 15, 388, 39),
(441, 15, 389, 40),
(442, 15, 390, 41),
(443, 15, 280, 42),
(444, 15, 391, 43),
(445, 15, 392, 44),
(446, 15, 393, 45),
(447, 15, 394, 46),
(448, 15, 395, 47),
(449, 15, 396, 48),
(450, 15, 397, 49),
(451, 15, 398, 50),
(452, 15, 399, 51),
(453, 15, 400, 52),
(454, 15, 401, 53),
(455, 15, 333, 54),
(456, 15, 334, 55),
(457, 15, 402, 56),
(458, 15, 403, 57),
(459, 15, 404, 58),
(460, 16, 404, 1),
(461, 16, 217, 2),
(462, 16, 218, 3),
(463, 16, 219, 4),
(464, 16, 334, 5),
(465, 16, 405, 6),
(466, 16, 406, 7),
(467, 16, 407, 8),
(468, 16, 408, 9),
(469, 16, 409, 10),
(470, 16, 410, 11),
(471, 16, 411, 12),
(472, 16, 412, 13),
(473, 16, 413, 14),
(474, 16, 223, 15),
(475, 16, 224, 16),
(476, 16, 414, 17),
(477, 16, 415, 18),
(478, 16, 416, 19),
(479, 16, 417, 20),
(480, 16, 388, 21),
(481, 16, 418, 22),
(482, 16, 386, 23),
(483, 16, 419, 24),
(484, 16, 420, 25),
(485, 16, 421, 26),
(486, 16, 422, 27),
(487, 16, 423, 28),
(488, 16, 424, 29),
(489, 16, 425, 30),
(490, 16, 426, 31),
(491, 16, 377, 32),
(492, 16, 427, 33),
(493, 16, 428, 34),
(494, 16, 429, 35),
(495, 16, 373, 36),
(496, 16, 430, 37),
(497, 16, 431, 38),
(498, 16, 370, 39),
(499, 16, 432, 40),
(500, 16, 433, 41),
(501, 16, 367, 42),
(502, 16, 434, 43),
(503, 16, 435, 44),
(504, 16, 436, 45),
(505, 16, 437, 46),
(506, 16, 362, 47),
(507, 16, 438, 48),
(508, 16, 360, 49),
(509, 16, 359, 50),
(510, 16, 358, 51),
(511, 16, 439, 52),
(512, 16, 356, 53),
(513, 16, 355, 54),
(514, 16, 354, 55),
(515, 16, 440, 56),
(516, 16, 441, 57),
(517, 16, 351, 58),
(518, 16, 350, 59),
(519, 17, 442, 1),
(520, 17, 443, 2),
(521, 17, 444, 3),
(522, 17, 445, 4),
(523, 17, 446, 5),
(524, 17, 447, 6),
(525, 17, 448, 7),
(526, 17, 449, 8),
(527, 17, 450, 9),
(528, 17, 451, 10),
(529, 17, 452, 11),
(530, 17, 453, 12),
(531, 17, 454, 13),
(532, 17, 455, 14),
(533, 17, 456, 15),
(534, 17, 457, 16),
(535, 17, 458, 17),
(536, 17, 459, 18),
(537, 17, 460, 19),
(538, 17, 461, 20),
(539, 17, 462, 21),
(540, 17, 463, 22),
(541, 17, 464, 23),
(542, 17, 109, 24),
(543, 17, 465, 25),
(544, 17, 107, 26),
(545, 17, 77, 27),
(546, 17, 78, 28),
(547, 17, 79, 29),
(548, 17, 80, 30),
(549, 17, 81, 31),
(550, 17, 466, 32),
(551, 18, 467, 1),
(552, 18, 468, 2),
(553, 18, 81, 3),
(554, 18, 80, 4),
(555, 18, 104, 5),
(556, 18, 105, 6),
(557, 18, 106, 7),
(558, 18, 107, 8),
(559, 18, 108, 9),
(560, 18, 109, 10),
(561, 18, 469, 11),
(562, 18, 470, 12),
(563, 18, 471, 13),
(564, 18, 461, 14),
(565, 18, 460, 15),
(566, 18, 472, 16),
(567, 18, 458, 17),
(568, 18, 473, 18),
(569, 18, 456, 19),
(570, 18, 455, 20),
(571, 18, 474, 21),
(572, 18, 453, 22),
(573, 18, 475, 23),
(574, 18, 451, 24),
(575, 18, 450, 25),
(576, 18, 476, 26),
(577, 18, 448, 27),
(578, 18, 477, 28),
(579, 18, 447, 29),
(580, 18, 478, 30),
(581, 18, 479, 31),
(582, 18, 444, 32),
(583, 18, 480, 33),
(584, 18, 442, 34),
(585, 19, 481, 1),
(586, 19, 482, 2),
(587, 19, 483, 3),
(588, 19, 484, 4),
(589, 19, 485, 5),
(590, 19, 486, 6),
(591, 19, 487, 7),
(592, 19, 488, 8),
(593, 19, 489, 9),
(594, 19, 490, 10),
(595, 19, 491, 11),
(596, 19, 492, 12),
(597, 19, 493, 13),
(598, 19, 494, 14),
(599, 19, 495, 15),
(600, 19, 496, 16),
(601, 19, 497, 17),
(602, 19, 498, 18),
(603, 19, 499, 19),
(604, 19, 500, 20),
(605, 19, 501, 21),
(606, 19, 79, 22),
(607, 19, 80, 23),
(608, 19, 81, 24),
(609, 19, 502, 25),
(610, 20, 467, 1),
(611, 20, 468, 2),
(612, 20, 81, 3),
(613, 20, 80, 4),
(614, 20, 104, 5),
(615, 20, 501, 6),
(616, 20, 503, 7),
(617, 20, 499, 8),
(618, 20, 504, 9),
(619, 20, 497, 10),
(620, 20, 496, 11),
(621, 20, 495, 12),
(622, 20, 494, 13),
(623, 20, 505, 14),
(624, 20, 506, 15),
(625, 20, 489, 16),
(626, 20, 507, 17),
(627, 20, 487, 18),
(628, 20, 486, 19),
(629, 20, 485, 20),
(630, 20, 484, 21),
(631, 20, 483, 22),
(632, 20, 508, 23),
(633, 20, 509, 24),
(634, 21, 510, 1),
(635, 21, 511, 2),
(636, 21, 512, 3),
(637, 21, 513, 4),
(638, 21, 514, 5),
(639, 21, 515, 6),
(640, 21, 516, 7),
(641, 21, 517, 8),
(642, 21, 518, 9),
(643, 21, 519, 10),
(644, 21, 520, 11),
(645, 21, 521, 12),
(646, 21, 522, 13),
(647, 21, 523, 14),
(648, 21, 524, 15),
(649, 21, 525, 16),
(650, 21, 526, 17),
(651, 21, 527, 18),
(652, 21, 528, 19),
(653, 21, 529, 20),
(654, 21, 530, 21),
(655, 21, 531, 22),
(656, 22, 532, 1),
(657, 22, 530, 2),
(658, 22, 533, 3),
(659, 22, 534, 4),
(660, 22, 535, 5),
(661, 22, 536, 6),
(662, 22, 537, 7),
(663, 22, 538, 8),
(664, 22, 524, 9),
(665, 22, 523, 10),
(666, 22, 522, 11),
(667, 22, 521, 12),
(668, 22, 539, 13),
(669, 22, 540, 14),
(670, 22, 541, 15),
(671, 22, 542, 16),
(672, 22, 518, 17),
(673, 22, 543, 18),
(674, 22, 544, 19),
(675, 22, 545, 20),
(676, 22, 546, 21),
(677, 22, 547, 22),
(678, 22, 548, 23),
(679, 22, 549, 24),
(680, 22, 550, 25),
(681, 22, 551, 26),
(682, 22, 552, 27),
(683, 22, 553, 28),
(684, 23, 554, 1),
(685, 23, 555, 2),
(686, 23, 556, 3),
(687, 23, 557, 4),
(688, 23, 558, 5),
(689, 23, 559, 6),
(690, 23, 560, 7),
(691, 23, 561, 8),
(692, 23, 562, 9),
(693, 23, 563, 10),
(694, 23, 564, 11),
(695, 23, 518, 12),
(696, 23, 565, 13),
(697, 23, 566, 14),
(698, 23, 567, 15),
(699, 23, 568, 16),
(700, 23, 569, 17),
(701, 23, 570, 18),
(702, 23, 571, 19),
(703, 23, 572, 20),
(704, 23, 573, 21),
(705, 23, 574, 22),
(706, 24, 574, 1),
(707, 24, 575, 2),
(708, 24, 571, 3),
(709, 24, 570, 4),
(710, 24, 569, 5),
(711, 24, 576, 6),
(712, 24, 577, 7),
(713, 24, 578, 8),
(714, 24, 579, 9),
(715, 24, 580, 10),
(716, 24, 518, 11),
(717, 24, 543, 12),
(718, 24, 563, 13),
(719, 24, 581, 14),
(720, 24, 561, 15),
(721, 24, 560, 16),
(722, 24, 582, 17),
(723, 24, 583, 18),
(724, 24, 584, 19),
(725, 24, 585, 20),
(726, 24, 586, 21),
(727, 24, 587, 22),
(728, 24, 588, 23),
(729, 24, 589, 24),
(730, 24, 590, 25),
(731, 25, 591, 1),
(732, 25, 592, 2),
(733, 25, 593, 3),
(734, 25, 594, 4),
(735, 25, 595, 5),
(736, 25, 596, 6),
(737, 25, 597, 7),
(738, 25, 598, 8),
(739, 25, 599, 9),
(740, 25, 600, 10),
(741, 25, 601, 11),
(742, 25, 602, 12),
(743, 25, 603, 13),
(744, 25, 604, 14),
(745, 25, 605, 15),
(746, 25, 606, 16),
(747, 25, 607, 17),
(748, 25, 608, 18),
(749, 25, 609, 19),
(750, 25, 610, 20),
(751, 25, 611, 21),
(752, 25, 612, 22),
(753, 25, 613, 23),
(754, 25, 614, 24),
(755, 25, 615, 25),
(756, 25, 616, 26),
(757, 25, 617, 27),
(758, 25, 618, 28),
(759, 25, 619, 29),
(760, 25, 620, 30),
(761, 25, 621, 31),
(762, 25, 622, 32),
(763, 25, 623, 33),
(764, 25, 624, 34),
(765, 25, 625, 35),
(766, 25, 626, 36),
(767, 25, 627, 37),
(768, 26, 627, 1),
(769, 26, 625, 2),
(770, 26, 624, 3),
(771, 26, 623, 4),
(772, 26, 622, 5),
(773, 26, 621, 6),
(774, 26, 628, 7),
(775, 26, 629, 8),
(776, 26, 630, 9),
(777, 26, 617, 10),
(778, 26, 631, 11),
(779, 26, 632, 12),
(780, 26, 614, 13),
(781, 26, 633, 14),
(782, 26, 634, 15),
(783, 26, 635, 16),
(784, 26, 636, 17),
(785, 26, 637, 18),
(786, 26, 638, 19),
(787, 26, 639, 20),
(788, 26, 640, 21),
(789, 26, 641, 22),
(790, 26, 642, 23),
(791, 26, 643, 24),
(792, 26, 644, 25),
(793, 26, 645, 26),
(794, 26, 646, 27),
(795, 26, 647, 28),
(796, 26, 648, 29),
(797, 26, 599, 30),
(798, 26, 598, 31),
(799, 26, 649, 32),
(800, 26, 650, 33),
(801, 26, 651, 34),
(802, 26, 594, 35),
(803, 26, 652, 36),
(804, 26, 653, 37),
(805, 27, 627, 1),
(806, 27, 625, 2),
(807, 27, 624, 3),
(808, 27, 623, 4),
(809, 27, 622, 5),
(810, 27, 621, 6),
(811, 27, 628, 7),
(812, 27, 629, 8),
(813, 27, 630, 9),
(814, 27, 617, 10),
(815, 27, 631, 11),
(816, 27, 632, 12),
(817, 27, 614, 13),
(818, 27, 633, 14),
(819, 27, 634, 15),
(820, 27, 654, 16),
(821, 27, 655, 17),
(822, 27, 656, 18),
(823, 27, 657, 19),
(824, 27, 658, 20),
(825, 27, 659, 21),
(826, 27, 660, 22),
(827, 27, 661, 23),
(828, 27, 662, 24),
(829, 27, 663, 25),
(830, 27, 664, 26),
(831, 27, 665, 27),
(832, 27, 666, 28),
(833, 27, 642, 29),
(834, 27, 643, 30),
(835, 27, 644, 31),
(836, 27, 667, 32),
(837, 27, 646, 33),
(838, 27, 647, 34),
(839, 27, 648, 35),
(840, 27, 599, 36),
(841, 27, 598, 37),
(842, 27, 649, 38),
(843, 27, 650, 39),
(844, 27, 651, 40),
(845, 27, 594, 41),
(846, 27, 652, 42),
(847, 27, 653, 43),
(848, 27, 668, 44),
(849, 28, 591, 1),
(850, 28, 592, 2),
(851, 28, 593, 3),
(852, 28, 594, 4),
(853, 28, 595, 5),
(854, 28, 596, 6),
(855, 28, 597, 7),
(856, 28, 598, 8),
(857, 28, 599, 9),
(858, 28, 600, 10),
(859, 28, 601, 11),
(860, 28, 602, 12),
(861, 28, 669, 13),
(862, 28, 604, 14),
(863, 28, 605, 15),
(864, 28, 606, 16),
(865, 28, 666, 17),
(866, 28, 670, 18),
(867, 28, 665, 19),
(868, 28, 671, 20),
(869, 28, 672, 21),
(870, 28, 662, 22),
(871, 28, 660, 23),
(872, 28, 659, 24),
(873, 28, 658, 25),
(874, 28, 673, 26),
(875, 28, 674, 27),
(876, 28, 655, 28),
(877, 28, 654, 29),
(878, 28, 675, 30),
(879, 28, 613, 31),
(880, 28, 614, 32),
(881, 28, 615, 33),
(882, 28, 616, 34),
(883, 28, 617, 35),
(884, 28, 618, 36),
(885, 28, 619, 37),
(886, 28, 620, 38),
(887, 28, 621, 39),
(888, 28, 622, 40),
(889, 28, 623, 41),
(890, 28, 624, 42),
(891, 28, 625, 43),
(892, 28, 626, 44),
(893, 28, 627, 45),
(894, 29, 676, 1),
(895, 29, 677, 2),
(896, 29, 678, 3),
(897, 29, 679, 4),
(898, 29, 680, 5),
(899, 29, 681, 6),
(900, 29, 682, 7),
(901, 29, 683, 8),
(902, 29, 684, 9),
(904, 31, 685, 1),
(905, 31, 686, 2),
(907, 32, 688, 1),
(908, 32, 689, 2);

-- --------------------------------------------------------

--
-- Estructura de tabla para la tabla `paraderos`
--

CREATE TABLE `paraderos` (
  `id_paradero` int(11) NOT NULL,
  `nombre` varchar(100) NOT NULL,
  `direccion` varchar(200) DEFAULT NULL,
  `latitud` decimal(10,8) NOT NULL,
  `longitud` decimal(11,8) NOT NULL
) ENGINE=InnoDB DEFAULT CHARSET=utf8mb4 COLLATE=utf8mb4_general_ci;

--
-- Volcado de datos para la tabla `paraderos`
--

INSERT INTO `paraderos` (`id_paradero`, `nombre`, `direccion`, `latitud`, `longitud`) VALUES
(1, 'Terminal COTUM Express S.A.C.', 'Calle 8', -16.38841414, -71.57652764),
(2, 'Alto Victoria', 'Calle 7', -16.38475700, -71.57657300),
(3, '15 de Agosto (Alto Libertad)', 'Avenida Lima, 1369', -16.38384800, -71.57473100),
(4, 'Estadio de Alto Libertad', 'Avenida Lima', -16.38289500, -71.57285500),
(5, 'I.E. Ignacio Alvarez Thomas', 'Av. Lima con Jr 2 de Mayo', -16.38137500, -71.57069600),
(6, 'Puno', 'Av. Lima, 200 con Av. Puno', -16.38031800, -71.56823200),
(7, 'I.E. Juan Domingo Zamacola y Jauregui', 'Calle Ramon Castilla, 601 con Calle Tupac Amaru', -16.37894700, -71.56291900),
(8, 'Sosa Ruiz', 'Calle Sosa Ruiz, 498 con Calle Miguel Grau', -16.37657900, -71.56197900),
(9, 'Plaza Las Americas', 'Calle Miguel Grau, 204', -16.37618100, -71.56003900),
(10, 'Metro (Cerro Colorado)', 'Calle Miguel Grau', -16.37568400, -71.55779800),
(11, 'General Moran', 'Avenida Pumacahua', -16.37873300, -71.55703700),
(12, 'Jose Olaya', 'Avenida Villa Hermosa', -16.37983500, -71.55794600),
(13, 'Urb. El Solar de Challapampa', 'Av. Villa Hermosa con Av. El Sol', -16.38105300, -71.55763400),
(14, 'Socosani', 'Calle Challapampa', -16.38434500, -71.55606000),
(15, 'La Choperia', 'Calle Chachani, 250 con Calle San Jose', -16.38721700, -71.55472900),
(16, '12 de Octubre', 'Calle 2', -16.38965700, -71.55460900),
(17, 'Grande', 'Calle 3 con Calle Grande', -16.39102800, -71.55363300),
(18, 'Promart Homecenter', 'Avenida Metropolitana', -16.39289700, -71.55592300),
(19, 'Urb. Victor Andres Belaunde', 'Urb. Victor Andres Belaunde', -16.39435300, -71.55406200),
(20, 'I.E. Santa Maria', 'Calle S/N (Urb. Victor Andres Belaunde)', -16.39598400, -71.55331100),
(21, 'Urb. Las Casuarinas', 'Urb. Las Casuarinas', -16.39786900, -71.55223700),
(22, 'Parque Los Tulipanes', 'Calle Los Tulipanes, 210', -16.39898600, -71.55047600),
(23, 'Avenida Victor Andres Belaunde', 'Av. Victor Andres Belaunde, 301', -16.39958300, -71.54977700),
(24, 'Parque Biella (Magisterial)', 'Calle Beningno Ballon Farfan con Calle Moscoso', -16.40075700, -71.54856200),
(25, 'Cevicheria \"Mares\"', 'Calle Ballon Farfan, 117 con Calle Ricardo Palma', -16.40130800, -71.54689400),
(26, 'Parque Libertad de Expresion', 'Avenida Ricardo Palma', -16.40345300, -71.54765100),
(27, 'Ernesto Novoa Loreto', 'Calle Maria Nieves y Bustamante, 100', -16.40421800, -71.54642400),
(28, 'Vallecito', 'Calle Puente San Martin', -16.40436600, -71.54306700),
(29, 'Sambambaias', 'Calle Andres Martinez, 401', -16.40565400, -71.54226600),
(30, 'Pasaje San Isidro', 'Calle Andres Martinez con Pje. San Isidro', -16.40776100, -71.54234100),
(31, 'Universidad Tecnologica del Peru (UTP)', 'Avenida Tacna y Arica, 156', -16.40831700, -71.54068300),
(32, 'Alvarez Thomas', 'Avenida Tacna y Arica, 102', -16.40692200, -71.53941600),
(33, 'La Merced', 'Calle Salaverry, 225', -16.40583200, -71.53991200),
(34, '28 de Julio', 'Calle 28 de Julio', -16.40307000, -71.54095100),
(35, 'Óvalo Vallecito', 'Calle Salaverry', -16.40421300, -71.54315900),
(36, 'Ernesto Loreto', 'Puente San Martin, 198', -16.40424000, -71.54597600),
(37, 'Parque \"Libertad de Expresión\"', 'Calle Jose Santos Chocano Cuadra 2', -16.40425800, -71.54781300),
(38, 'Cevichería \"Mares\"', 'Avenida Ricardo Palma con Calle Ballon Farfan', -16.40139200, -71.54678000),
(39, 'Parque Biella (Magisterial)', 'Avenida Victor Andres Belaunde', -16.40071000, -71.54842600),
(40, 'Los Tulipanes', 'Av. Victor Andres Belaunde', -16.39981000, -71.54961200),
(41, 'Urb. Juan XXIII', 'Avenida VIctor Andres Belaunde', -16.39842800, -71.54840500),
(42, 'Parque Fraternidad', 'Calle Los Jazmines, 100', -16.39734200, -71.54913100),
(43, 'Parque Entel Perú', 'Urbanizacion Entel Peru', -16.39776200, -71.55176200),
(44, 'I.E. Santa María', 'Calle S/N (Urb. Victor A. Belaunde)', -16.39643800, -71.55307300),
(45, 'Piedra Santa (II Etapa)', 'Av. Metropolitana (Urb. Victor A. Belaunde)', -16.39637300, -71.55438500),
(46, 'Chachani', 'Calle Grande', -16.39088900, -71.55265000),
(47, 'Cerrito Los Álvarez', 'Calle Chachani, 400 con Calle 7 de Junio', -16.38964800, -71.55316800),
(48, 'Circunvalación (Ejército)', 'Calle Chachani, 250', -16.38726400, -71.55457000),
(49, 'Socosani', 'Calle Chachani, 100', -16.38433700, -71.55586100),
(50, 'José Olaya', 'Av. Villa Hermosa con Av. Jose Olaya', -16.38003600, -71.55770900),
(51, 'Ramón Castilla', 'Avenida Villa Hermosa, 227', -16.37795700, -71.55822600),
(52, 'Plaza Las Américas', 'Calle Miguel Grau, 212', -16.37619100, -71.56050600),
(53, 'Cahuide', 'Calle Miguel Grau, 410 con Calle Cahuide', -16.37656500, -71.56238400),
(54, 'I.E. Juan Domingo Zamácola y Jauregui', 'Calle Tupac Amaru con Calle Ramon Castilla', -16.37881900, -71.56290100),
(55, 'Puno (Alto Libertad)', 'Av. Lima con Av. Puno', -16.38016700, -71.56806700),
(56, 'Callao', 'Avenida Lima, 599', -16.38169800, -71.57152000),
(57, 'Estadio de Alto Libertad', 'Avenida Lima, 1201', -16.38281400, -71.57359400),
(58, 'Jorge Chávez (Alto Libertad)', 'Avenida Lima, 1398', -16.38387800, -71.57564800),
(59, 'Terminal COTUM Express S.A.C.', 'Calle 7', -16.38686700, -71.57788400),
(60, 'Paradero Emarsistran S.A. (Umapalca)', 'Avenida 1', -16.46934100, -71.51716800),
(61, 'Umapalca', 'Avenida 1', -16.47045600, -71.51716700),
(62, 'Subestación Socabaya REP', 'Calle Etesur', -16.47219000, -71.51712100),
(63, 'Zona Industrial Umapalca', 'Calle Etesur', -16.47358200, -71.51882000),
(64, 'Alsur Perú', 'Calle Etesur', -16.47496100, -71.52060400),
(65, 'La Humanidad', 'Calle Etesur', -16.47439500, -71.52323000),
(66, 'Loza Deportiva de Los Rosales', 'Calle 1', -16.47301800, -71.52333000),
(67, 'Reservorio de Ampliación Socabaya', 'Calle 13', -16.47248800, -71.52475300),
(68, 'Ampliación Socabaya, Mz. P', 'Calle 12', -16.47152700, -71.52676800),
(69, 'Cementerio de Socabaya', 'Calle 12', -16.47009900, -71.52577300),
(70, 'Plaza de Ampliación Socabaya', 'Calle 12', -16.46919700, -71.52518000),
(71, 'Guardia Republicana (CENESPAR)', 'Calle 9', -16.46784900, -71.52508800),
(72, 'I.E. 40197 Felipe Santiago Salaverry', 'Calle 9', -16.46778500, -71.52628500),
(73, 'Ampliación Socabaya, Mz. F', 'Calle 6', -16.46861100, -71.52744900),
(74, 'Salaverry', 'Av. Salaverry', -16.46904800, -71.52875300),
(75, 'Plaza de Armas de Socabaya', 'Av. Salaverry', -16.46709700, -71.52890200),
(76, 'Pje. Santa Rosita', 'Av. Salaverry', -16.46561700, -71.52720700),
(77, 'El Bosque', 'Av. Salaverry con Av. El Bosque', -16.46184500, -71.52769400),
(78, 'Los Cibeles Club', 'Avenida Salaverry, 552', -16.46037300, -71.52854700),
(79, 'La Pradera', 'Avenida Salaverry, 471', -16.45891900, -71.52869300),
(80, 'Colegio Santísimo Salvador', 'Avenida Salaverry', -16.45716100, -71.52906100),
(81, 'Parque La Paloma', 'Avenida Salaverry', -16.45426100, -71.52983900),
(82, 'Gustavo Valcárcel', 'Calle José Carlos Mariátegui, 299', -16.45082300, -71.52824600),
(83, 'I.E. Inicial 4 de Octubre', 'Av. José C. Mariátegui', -16.44880900, -71.52798300),
(84, 'Paradero Emarsistran S.A. (4 de Octubre)', 'Calle Socabaya', -16.44710100, -71.52822600),
(85, 'Micaela Bastidas', 'Avenida César Vallejo, 599', -16.44660300, -71.52618500),
(86, 'Parque Alto Alianza', 'Avenida César Vallejo, 498', -16.44614000, -71.52397100),
(87, 'Juan de Luna Pizarro', 'Ca. Ricardo Palma con Ca. Luna Pizarro', -16.44620000, -71.52244700),
(88, 'Cruce 4 de Octubre', 'Ca. Juan de Luna Pizarro con Av. Caracas', -16.44347700, -71.52257400),
(89, 'Tasahuayo', 'Avenida La Unión, 300', -16.44219100, -71.52496100),
(90, 'Huancayo', 'Av. La Unión con Ca. Huancayo', -16.44289600, -71.52749800),
(91, 'Grifo San Fernando - Repsol', 'Avenida Socabaya, 498', -16.44234400, -71.52879300),
(92, 'La Unión', 'Ca. Huancayo con Av. La Unión', -16.44296400, -71.52761200),
(93, 'Tasahuayo', 'Avenida La Unión, 252', -16.44230500, -71.52522300),
(94, 'Cruce 4 de Octubre', 'Avenida La Unión, 460', -16.44322800, -71.52340000),
(95, 'Parque El Bosque (Garcilaso de la Vega)', 'Ca. Francisco de Zela con Ca. Garcilaso de la Vega', -16.44512100, -71.52412800),
(96, 'Parque Alto Alianza', 'Avenida César Vallejo, 410', -16.44613500, -71.52441900),
(97, 'Micaela Bastidas', 'Avenida César Vallejo, 601', -16.44647400, -71.52607600),
(98, 'I.E. 40256 Carlos Manchego Rendon', 'Ca. César Vallejo con Ca. Juan Pablo Vizcardo y Guzmán', -16.44669400, -71.52717100),
(99, 'Estadio 4 de Octubre', 'Calle José María Arguedas, 299', -16.44750700, -71.52826900),
(100, 'I.E. Inicial 4 de Octubre', 'Ca. José C. Mariátegui con Ca. Abraham Valdelomar', -16.44851500, -71.52808000),
(101, 'Gustavo Valcárcel', 'Calle José Carlos Mariátegui, 301', -16.45064500, -71.52835000),
(102, 'Colegio Standford', 'Ca. José C. Mariátegui con Ca. José Gálvez', -16.45169000, -71.52848200),
(103, 'Lara Tradicional', 'Avenida José Carlos Mariátegui', -16.45304600, -71.52865700),
(104, 'La Pradera', 'Avenida Salaverry, 470', -16.45877000, -71.52887900),
(105, 'Los Cibeles Club', 'Avenida Salaverry', -16.46030300, -71.52872800),
(106, 'El Bosque', 'Avenida Salaverry, 700', -16.46186300, -71.52788400),
(107, 'Pje. Santa Rosita', 'Avenida Salaverry', -16.46538400, -71.52719800),
(108, 'Plaza de Armas de Socabaya', 'Avenida Salaverry, 200', -16.46713100, -71.52906800),
(109, 'Entrada a Cementerio de Socabaya', 'Avenida Salaverry', -16.46900200, -71.52907900),
(110, 'Cementerio de Socabaya', 'Calle 8, 126', -16.46876200, -71.52776700),
(111, 'Plaza de Ampliación Socabaya', 'Calle 21', -16.46903300, -71.52529500),
(112, 'Ampliación Socabaya, Mz. J', 'Calle 6', -16.46991100, -71.52577600),
(113, 'Reservorio de Ampliación Socabaya', 'Calle 2', -16.47263000, -71.52489400),
(114, 'Subestación Socabaya REP', 'Avenida 1', -16.47209600, -71.51700800),
(115, 'Terminal Unión AQP S.A. (El Mirador)', 'Calle 26 (Asociación El Mirador)', -16.35994000, -71.50939800),
(116, 'Asociación El Mirador', 'Ca. Miguel Grau', -16.35906400, -71.50942600),
(117, 'Villa Asunción, Mz. L', 'Ca. Miguel Grau con Ca. 11', -16.36072000, -71.51208300),
(118, 'Alto de la Alianza', 'Calle Miguel Grau', -16.36237600, -71.51429200),
(119, 'Villa Asunción', 'Avenida Francisco Mostajo, 1598', -16.36155200, -71.51604000),
(120, 'Elías Aguirre', 'Avenida 15 de Agosto', -16.36450000, -71.51568500),
(121, 'Los Arenales', 'Av. Elías Aguirre con Ca. Arenales', -16.36561100, -71.51728100),
(122, 'Independencia (Zona B)', 'Avenida Elías Aguirre, 639', -16.36724400, -71.51947200),
(123, 'Mariano Melgar', 'Jirón Jorge Chávez, 101', -16.36806500, -71.52193100),
(124, 'Los Ángeles', 'Jirón Los Guindos, 399', -16.37026100, -71.52540700),
(125, 'Los Guindos', 'Jirón Los Guindos, 300', -16.37080300, -71.52610600),
(126, 'Cruce Chilina', 'Calle 5', -16.37264100, -71.52835600),
(127, '1 de Enero', 'Avenida Chilina', -16.37446600, -71.52829900),
(128, 'Chilina', 'Avenida Chilina', -16.37611500, -71.52986000),
(129, 'Entrada a Egasa', 'Avenida Chilina', -16.37828500, -71.53187600),
(130, 'Colegio Militar Francisco Bolognesi', 'Avenida Víctor Raúl Haya de la Torre', -16.38560700, -71.53327200),
(131, 'Parque Municipal Selva Alegre', 'Avenida Álvarez Thomas', -16.39146600, -71.53229500),
(132, 'El Filtro', 'Calle Peral, 601', -16.39334900, -71.53069400),
(133, 'Policlínico Metropolitano EsSalud (Seguro Social)', 'Calle Peral, 519', -16.39467500, -71.53108300),
(134, 'San Pedro', 'Prolongación Ayacucho, 309', -16.39646100, -71.52849400),
(135, 'La Paz', 'Calle Don Bosco', -16.39818700, -71.52697600),
(136, 'Goyeneche', 'Ca. Don Bosco con Av. Goyeneche', -16.39949800, -71.52590100),
(137, 'Manuel Muñoz Nájar', 'Avenida Goyeneche, 426', -16.39819700, -71.52398400),
(138, 'Mariscal Castilla', 'Avenida Mariscal Ramón Castilla, 122', -16.39943900, -71.52187200),
(139, 'La Salle', 'Avenida Independencia, 356', -16.40172400, -71.52437000),
(140, 'Goyeneche', 'Avenida La Salle, 100B', -16.39943900, -71.52187200),
(141, 'San Pedro', 'Calle Don Bosco', -16.39949800, -71.52590100),
(142, 'Policlínico Metropolitano EsSalud (Seguro Social)', 'Calle Ayacucho', -16.39818700, -71.52697600),
(143, 'Juan de la Torre', 'Calle Rivero', -16.39646100, -71.52849400),
(144, 'Parque Municipal Selva Alegre', 'Calle Los Geranios', -16.39467500, -71.53108300),
(145, 'Entrada a Independencia (Zona B)', 'Avenida Chilina', -16.37611500, -71.52986000),
(146, 'Los Guindos', 'Calle Los Guindos, 131', -16.37446600, -71.52829900),
(147, 'Los Ángeles', 'Calle Los Guindos, 398', -16.37264100, -71.52835600),
(148, 'Independencia (Zona B)', 'Avenida Elías Aguirre, 636', -16.37026100, -71.52540700),
(149, 'Los Arenales', 'Av. Elías Aguirre con Ca. 3', -16.36806500, -71.52193100),
(150, '15 de Agosto', 'Avenida Elías Aguirre', -16.36724400, -71.51947200),
(151, 'Miguel Grau', 'Calle Los Lirios', -16.36561100, -71.51728100),
(152, 'Villa Asunción, Mz. H', 'Ca. Miguel Grau', -16.36450000, -71.51568500),
(153, 'Terminal Unión AQP S.A. (El Mirador)', 'Asociación de Vivienda El Mirador', -16.36237600, -71.51429200),
(154, 'Terminal Unión AQP (El Salvador)', 'Ca. Francisco Mostajo', -16.37292200, -71.49359100),
(155, 'Cementerio Municipal de Miraflores', 'Ca. Plutón', -16.37382100, -71.49425500),
(156, 'UPIS El Salvador', 'UPIS El Salvador', -16.37342800, -71.49497800),
(157, 'El Salvador', 'Calle Mayta Cápac', -16.37253100, -71.49608900),
(158, 'Complejo Deportivo El Salvador', 'UPIS El Salvador', -16.37210800, -71.49661100),
(159, 'UPIS Mateo Pumacahua', 'UPIS Mateo Pumacahua', -16.37123600, -71.49891600),
(160, 'Cancha Sintética Mateo Pumacahua', 'UPIS Mateo Pumacahua', -16.37037400, -71.49883800),
(161, 'Mateo Pumacahua', 'UPIS Mateo Pumacahua', -16.37082900, -71.50082100),
(162, 'Parque El Porvenir', 'Avenida Alfonso Ugarte, 1321', -16.37210700, -71.50292600),
(163, 'Plaza Principal El Porvenir', 'Avenida San Martín, 4901', -16.37400700, -71.50442900),
(164, 'I.E. El Gran Amauta', 'Avenida San Martín, 4399', -16.37597200, -71.50719000),
(165, 'Comisaría El Porvenir', 'Avenida San Martín', -16.37725500, -71.50877200),
(166, 'Alto Misti', 'Av. San Martín con Ca. Zarumilla', -16.37799900, -71.50954700),
(167, 'Parroquia Cristo Obrero', 'Ca. Tacna y Arica con Av. Tarapacá', -16.38016800, -71.50982600),
(168, 'Centro de Salud Edificadores Misti', 'Avenida Tarapacá', -16.38266600, -71.51184800),
(169, 'Garcilaso de la Vega', 'Av. Tarapacá con Ca. Garcilaso de la Vega', -16.38420300, -71.51321600),
(170, 'Servicentro Miraflores', 'Avenida Tarapacá, 1001', -16.38570400, -71.51446000),
(171, 'Plaza San Martín', 'Avenida Tarapacá, 701', -16.38723100, -71.51572900),
(172, 'Francisco Mostajo', 'Av. Tarapacá con Ca. Francisco Mostajo', -16.38885600, -71.51712600),
(173, 'Iglesia de Chapi Chico', 'Avenida Pro Hogar 1001', -16.39091700, -71.51882500),
(174, 'Paz Soldán', 'Av. Pro Hogar con Ca. Paz Soldán', -16.39251800, -71.52022300),
(175, 'Plaza Mayta Cápac', 'Avenida San Martín', -16.39396600, -71.52312600),
(176, 'Puno', 'Avenida San Martín', -16.39529500, -71.52404500),
(177, 'Manuel Muñoz Nájar', 'Avenida San Martín', -16.39708400, -71.52525600),
(178, 'Don Bosco', 'Avenida La Paz, 505', -16.39808000, -71.52680300),
(179, 'La Paz', 'Avenida La Paz, 311', -16.39932600, -71.52851200),
(180, 'Santa Marta', 'Ca. Colón con Ca. Santa Marta', -16.39810600, -71.53097900),
(181, 'Ayacucho', 'Calle San Pedro con Calle Ayacucho', -16.39664400, -71.52836200),
(182, 'Peral', 'Ca. El Filtro con Ca. Peral', -16.37382100, -71.49425500),
(183, 'Municipalidad Provincial de Arequipa', 'Ca. Filtro con Ca. Arica', -16.37342800, -71.49497800),
(184, 'Parroquia San Antonio', 'Ca. Las Flores con Ca. San Antonio', -16.37253100, -71.49608900),
(185, 'San Martín', 'Calle Puno, 285', -16.37210800, -71.49661100),
(186, 'Plaza Mayta Cápac', 'Avenida Pro Hogar, 396', -16.37123600, -71.49891600),
(187, 'Iglesia de Chapi Chico', 'Avenida Pro Hogar, 988', -16.37082900, -71.50082100),
(188, 'Francisco Mostajo', 'Av. Pro Hogar con Ca. Francisco Mostajo', -16.37210700, -71.50292600),
(189, 'Plaza San Martín', 'Avenida Tarapacá, 798', -16.37400700, -71.50442900),
(190, 'Servicentro Miraflores', 'Avenida Tarapacá, 998', -16.37597200, -71.50719000),
(191, 'Centro de Salud Edificadores Misti', 'Avenida Tarapacá, 1599', -16.37799900, -71.50954700),
(192, 'Parroquia Cristo Obrero', 'Av. Tarapacá con Ca. Tacna y Arica', -16.38016800, -71.50982600),
(193, 'Complejo Deportivo San Martín', 'Avenida San Martín, 3799', -16.38266600, -71.51184800),
(194, 'Comisaría El Porvenir', 'Avenida San Martín, 4199', -16.38420300, -71.51321600),
(195, 'I.E. El Gran Amauta', 'Avenida San Martín, 4498', -16.38570400, -71.51446000),
(196, 'Plaza Principal El Porvenir', 'Avenida San Martín, 4898', -16.38723100, -71.51572900),
(197, 'Parque El Porvenir', 'Avenida Alfonso Ugarte, 1319', -16.38885600, -71.51712600),
(198, 'Plaza Mateo Pumachua', 'Mateo Pumacahua', -16.39091700, -71.51882500),
(199, 'Mateo Pumacahua', 'Calle 7', -16.39251800, -71.52022300),
(200, 'Estadio El Porvenir', 'Ca. Ica con Ca. Bolognesi', -16.39396600, -71.52312600),
(201, 'El Salvador', 'Calle Héroes del Cenepa', -16.39708400, -71.52525600),
(202, 'El Salvador', 'El Salvador', -16.39808000, -71.52680300),
(203, 'Cementerio Municipal de Miraflores', 'Urbanización El Salvador', -16.39810600, -71.53097900),
(204, 'Alto Victoria', 'Ca. 7', -16.38478600, -71.57657400),
(205, 'Avenida Perú (Alto Libertad)', 'Jirón Ica, 101', -16.38514900, -71.57156600),
(206, 'Zarumilla', 'Jirón Choquehuanca con Ca. Zarumilla', -16.38968700, -71.57279900),
(207, 'Los Incas', 'Calle Zarumilla', -16.38952300, -71.57017100),
(208, 'San Martín', 'Av. Los Incas con Ca. San Martín', -16.39151800, -71.57009000),
(209, 'República del Perú', 'Avenida de los Incas, 698', -16.39375200, -71.57000100),
(210, 'Putumayo', 'Av. Los Incas con Jr. Putumayo', -16.39693800, -71.56997000),
(211, 'Mantaro', 'Avenida de los Incas, 996', -16.39903200, -71.57144500),
(212, 'El Romancero', 'Avenida Circunvalación, 101', -16.40437200, -71.57326000),
(213, 'Ladrillera El Diamante', 'Variante de Uchumayo', -16.40508100, -71.58233100),
(214, 'Puente San Isidro', 'Avenida Miguel Forga', -16.41785100, -71.54939700),
(215, 'Senati', 'Avenida Miguel Forga, 246', -16.42029600, -71.54700000),
(216, 'Terminal Terrestre', 'Avenida Miguel Forga', -16.42226800, -71.54483300),
(217, 'Javier Pérez de Cuéllar', 'Avenida Andrés Avelino Cáceres', -16.42308200, -71.54279100),
(218, 'Zegarra Ballón', 'Av. Andrés Avelino Cáceres', -16.42318300, -71.54179600),
(219, 'Makro', 'Av. Andrés Avelino Cáceres', -16.42383600, -71.53997000),
(220, 'Guatemala', 'Av. Andrés Avelino Cáceres', -16.42574400, -71.52913200),
(221, 'I.E. Inmaculada Concepción', 'Calle Guatemala', -16.42689500, -71.52896800),
(222, 'Estados Unidos', 'Ca. Guatemala con Av. Estados Unidos', -16.42977800, -71.52849600),
(223, 'Presto', 'Avenida Estados Unidos', -16.42980600, -71.52678700),
(224, 'Grifo Monterrey', 'Avenida Estados Unidos', -16.42934400, -71.52387900),
(225, 'Los Jacintos', 'Av. Dolores con Ca. Los Jacintos', -16.42718000, -71.52390600),
(226, 'Paseo de la Cultura', 'Avenida Dolores, 102', -16.42557000, -71.52434000),
(227, 'Santa Lucía (Altura de Puente Peatonal)', 'Avenida Andrés Avelino Cáceres', -16.42507300, -71.52595600),
(228, 'Cooperativa Lambramani', 'Av. Andrés Avelino Cáceres Ca. Los Cipreses', -16.42513600, -71.52903500),
(229, 'Gratersa', 'Avenida Andrés Avelino Cáceres', -16.42280500, -71.54246400),
(230, 'Aceros Arequipa', 'Avenida Miguel Forga', -16.41991700, -71.54650900),
(231, 'Planta Parque Industrial - SEAL', 'Avenida Miguel Forga, 131', -16.41824500, -71.54832200),
(232, 'Taboada', 'Variante de Uchumayo', -16.40634100, -71.56307900),
(233, 'Fátima', 'Variante de Uchumayo', -16.40404200, -71.56812900),
(234, 'El Romancero', 'Variante de Uchumayo', -16.40438300, -71.57303600),
(235, 'Tumbes', 'Avenida Circunvalación, 199', -16.40049900, -71.57249900),
(236, 'Putumayo', 'Av. Restauración con Jirón Putumayo', -16.39791800, -71.57411500),
(237, 'Plaza Semirural Pachacútec', 'Avenida República del Perú', -16.39412900, -71.57391000),
(238, 'Centro de Salud Semirural Pachacútec', 'Avenida República del Perú', -16.39407300, -71.57293600),
(239, 'Cristóbal Colón', 'Avenida República del Perú', -16.39400500, -71.57160400),
(240, 'Brasil', 'Avenida República del Perú', -16.39393300, -71.57050300),
(241, 'Santa Rosa de Lima', 'Avenida República del Perú', -16.39391600, -71.56999800),
(242, 'San Martín', 'Av. Los Incas, 501 con Ca. San Martín', -16.39165800, -71.56991000),
(243, 'Los Incas', 'Avenida Los Incas', -16.38949800, -71.57000700),
(244, 'Choquehuanca', 'Calle Zarumilla', -16.38973200, -71.57266400),
(245, 'Avenida Perú (Alto Libertad)', 'Jr. Choquehuanca con Av. Perú', -16.38540700, -71.57143700),
(246, 'Estadio de Alto Libertad', 'Jirón Ica, 498 con Av. Lima', -16.38283200, -71.57273400),
(247, '15 de Agosto (Alto Libertad)', 'Avenida Lima', -16.38375700, -71.57474400),
(248, 'Terminal COTUM Express S.A.C.', 'Calle 7 (Urb. Artempa)', -16.38723800, -71.57794900),
(249, 'Terminal Emarsistran S.A. (El Pasto)', 'Avenida Las Peñas', -16.42936900, -71.52384700),
(250, 'Albergue de perros abandonados (El Pasto)', 'Avenida Las Peñas', -16.42718000, -71.52390600),
(251, 'El Pasto', 'Avenida Las Peñas', -16.42557000, -71.52434000),
(252, 'Sor Ana de los Ángeles', 'Urb. Sor Ana de los Ángeles', -16.42507300, -71.52595600),
(253, 'Sor Ana de los Ángeles, Mz. D', 'Urb. Sor Ana de los Ángeles', -16.42513600, -71.52903500),
(254, 'El Descanso', 'Urb. El Descanso', -16.42364700, -71.53965100),
(255, 'Los Cristales', 'Urbanización Los Cristales', -16.42280500, -71.54246400),
(256, 'Parque de Los Cristales', 'Urb. Los Cristales', -16.41991700, -71.54650900),
(257, 'Parque José A. Quiñones', 'Calle Arias Aragüez', -16.41824500, -71.54832200),
(258, 'Parque de Bellapampa, Zn. B', 'Calle Arias Araguez', -16.40634100, -71.56307900),
(259, 'Francisco Bolognesi', 'Ca. Junín con Ca. Francisco Bolognesi', -16.40404200, -71.56812900),
(260, 'Plaza de Bellapampa', 'Avenida Paisajista, 198', -16.40438300, -71.57303600),
(261, 'Independencia (Lara)', 'Av. Independencia', -16.40049900, -71.57249900),
(262, 'Comisaría de Ciudad Mi Trabajo', 'Av. Independencia', -16.39791800, -71.57411500),
(263, 'Parque a la Madre - El Triángulo', 'Avenida Independencia, 100', -16.39412900, -71.57391000),
(264, 'I.E. 401999 Ciudad Mi Trabajo', 'Ca. Pucallpa con Pje. Zarumilla', -16.39407300, -71.57293600),
(265, 'Estadio Bellapampa - Ciudad Mi Trabajo', 'Calle Pucallpa, 598', -16.39400500, -71.57160400),
(266, 'Iquitos', 'Ca. Caravelí con Ca. Iquitos', -16.39393300, -71.57050300),
(267, 'Estadio Municipal de Socabaya', 'Calle Caravelí, 416', -16.39391600, -71.56999800),
(268, 'Moyobamba', 'Ca. Chachapoyas con Ca. Moyobamba', -16.39165800, -71.56991000),
(269, 'Campo Deportivo 24 de Junio', 'Calle Camaná con Calle Los Olivos', -16.38949800, -71.57000700),
(270, 'Manú', 'Ca. Camaná con Ca. Manú', -16.38973200, -71.57266400),
(271, 'La Alameda', 'Ca. Abancay con Ca. La Alameda', -16.38540700, -71.57143700),
(272, 'Camaná', 'Ca. Porvenir con Ca. Camaná', -16.38283200, -71.57273400),
(273, 'Cementerio Apacheta (Parte Posterior)', 'Calle Porvenir con Avenida Arequipa', -16.38375700, -71.57474400),
(274, 'Satélite Chico', 'Calle Arequipa, 500', -16.38460700, -71.57652800),
(275, 'Las Malvinas', 'Calle Alemania, 193', -16.38723800, -71.57794900),
(276, 'Avenida 13 de Junio', 'Av. Inglaterra con Av. 13 de Junio', -16.46634300, -71.54214500),
(277, 'Horacio Morales', 'Av. Inglaterra con Ca. Horacio Morales', -16.46587000, -71.54172800),
(278, 'I.E. Jorge Basadre Grohmann', 'Avenida Inglaterra, 398', -16.46482800, -71.54114200),
(279, 'Chavín de Huántar', 'Ca. José Olaya con Ca. Chavín de Huántar', -16.45881600, -71.54051400),
(280, 'Juan Pablo Vizcardo y Guzmán', 'Calle Los Próceres', -16.45794700, -71.53972900),
(281, 'Santa Lourdes', 'Ca. José Baquíjano y Carrillo con Av. Libertadores', -16.45685500, -71.53877700),
(282, 'Piscina Lonccos y Ccalas', 'Urbanización Dolores', -16.45598000, -71.53834600),
(283, 'Puente Santa Lourdes (Urb. Dolores)', 'Calle Malecón Dolores', -16.43770000, -71.52497600),
(284, 'Juan Pablo Vizcardo y Guzmán', 'Calle José Baquíjano y Carrillo, 100', -16.43592600, -71.52562900),
(285, 'I.E. Jorge Basadre Grohmann', 'Avenida José Olaya, 104', -16.43356400, -71.52741400),
(286, 'Palacio del Deporte', 'Av. Inglaterra con Ca. Honduras', -16.43358200, -71.52836400),
(287, 'México', 'Av. Inglaterra con Ca. México', -16.43400900, -71.52961600),
(288, 'Las Malvinas', 'Avenida Inglaterra', -16.43453700, -71.53117000),
(289, 'Las Casuarinas', 'Ca. Alemania', -16.43479500, -71.53193000),
(290, 'Satélite Chico', 'Ca. Alemania', -16.43535600, -71.53366400),
(291, 'Cementerio Apacheta (Parte Posterior)', 'Calle Arequipa, 212', -16.43528800, -71.53566100),
(292, 'Castilla', 'Ca. Porvenir con Ca. Castilla', -16.43682800, -71.53581000),
(293, 'La Alameda', 'Calle Porvenir', -16.43880900, -71.53527300),
(294, 'Campo Deportivo 24 de Junio', 'Calle Abancay, 299', -16.43997900, -71.53462600),
(295, 'La Hacienda', 'Calle Pucallpa', -16.44269700, -71.53491300),
(296, 'Estadio Bellapampa - Ciudad Mi Trabajo', 'Calle Pucallpa', -16.44484000, -71.53474100),
(297, 'Plaza Rímac', 'Ca. José Olaya Balandra, 298', -16.44649200, -71.53478600),
(298, 'Parque Infantil César Vallejo', 'Calle César Vallejo, 208', -16.44728100, -71.53461300),
(299, 'Parque San José', 'Ca. César Vallejo con Ca. Jorge Basadre', -16.44791600, -71.53561000),
(300, 'Parque Ecológico \"El Bosque\"', 'Ca. Nicolás de Piérola', -16.44792000, -71.53620200),
(301, 'Pje. Unión (Bellapampa)', 'Ca. Atahualpa con Pje. Unión', -16.44836600, -71.53739200),
(302, 'Las Peñas', 'Calle Progreso, 199', -16.44861500, -71.53938000),
(303, 'Tumbes', 'Av. Las Peñas con Ca. Tumbes', -16.45079300, -71.54001600),
(304, 'Jorge Chávez', 'Ca. 22 de Septiembre  con Ca. Jorge Chávez', -16.45235400, -71.53884100),
(305, 'Paisajista', 'Calle Jorge Chávez, 598', -16.45347800, -71.53920500),
(306, 'Bellapampa, Zn. B', 'Calle Sucre', -16.45423100, -71.53764600),
(307, 'Parque José A. Quiñones', 'Calle Sucre, 198', -16.45498300, -71.53669700),
(308, 'Parque Los Cristales', 'Urb. Los Cristales', -16.45554800, -71.53748100),
(309, 'El Descanso', 'Urb. Sor Ana de Los Ángeles', -16.45671600, -71.53950400),
(310, 'Las Peñas', 'Urb. Sor Ana de los Ángeles', -16.45863800, -71.54146400),
(311, 'Megabus AQP S.A.C. (Ampliación Pampas del Cusco)', 'Calle Francisco Bolognesi', -16.45014400, -71.55945100),
(312, 'Estadio 2 de Junio', 'Calle Francisco Bolognesi con Jirón Túpac Amaru', -16.45327600, -71.55856500),
(313, 'Complejo Deportivo 3 de Agosto', 'Calle Francisco Bolognesi', -16.45417400, -71.55834600),
(314, 'Guillermo Mercado', 'Calle Guillermo Mercado', -16.45607500, -71.55680600),
(315, 'Cabo Alfredo Maldonado', 'Calle Marcavalle', -16.45475000, -71.55373400),
(316, 'Complejo Deportivo León del Sur', 'Avenida Cabo Alfredo Maldonado', -16.45293100, -71.55571500),
(317, 'Estadio Juan Velasco Alvarado', 'Avenida Mariscal Ureta, 369', -16.45085300, -71.55409100),
(318, 'San Miguel de Piura', 'Avenida Mariscal Ureta, 206', -16.44960600, -71.55286900),
(319, 'Complejo Milagritos', 'Avenida Mariscal Ureta con Av. Unión', -16.44794100, -71.55160200),
(320, 'Centro de Salud Daniel Alcides Carrión', 'Avenida Unión, 190', -16.44865800, -71.55077000),
(321, 'Primavera', 'Calle Primavera, 304', -16.44778000, -71.54850800),
(322, 'I.E. Eduardo Francisco Forga', 'Ca. Miguel Grau con Ca. Jerusalén', -16.44586000, -71.54818500),
(323, 'Complejo Deportivo La Florida', 'Avenida Los Bosques', -16.44353300, -71.54759600),
(324, 'Villa Sevilla', 'Calle Mariscal Nieto, 399', -16.43994500, -71.54767900),
(325, 'Villa Chilpina', 'Avenida Francisco Mostajo', -16.43853900, -71.54380300),
(326, 'Cerro Salaverry', 'Avenida Francisco Mostajo', -16.43694400, -71.53939900),
(327, 'Las Peñas', 'Ca. Miguel Grau con Av. Las Peñas', -16.43676200, -71.53718500),
(328, 'Centro de Salud Salaverry', 'Avenida Las Peñas, 900', -16.43530100, -71.53647900),
(329, 'Sánchez Trujillo', 'Avenida Las Peñas, 400', -16.43262300, -71.53574800),
(330, 'Urb. Villa Eléctrica', 'Av. Las Peñas con Av. Vidaurrázaga', -16.43024200, -71.53523700),
(331, 'La Apacheta', 'Avenida Vidaurrázaga con Avenida Garcilaso de la Vega', -16.43060800, -71.53328500),
(332, 'Banco de la Nación (La Isla)', 'Avenida Perú, 141', -16.42708400, -71.53289700),
(333, 'Óvalo Andrés A. Cáceres', 'Avenida Andrés Avelino Cáceres', -16.42521900, -71.53390300),
(334, 'Plataforma Andrés Avelino Cáceres', 'Avenida Andrés Avelino Cáceres', -16.42462300, -71.53723200),
(335, 'Mi Mercado', 'Avenida Vidaurrázaga', -16.42700500, -71.53960800),
(336, 'Las Convenciones', 'Avenida Vidaurrázaga', -16.42890200, -71.53780700),
(337, 'Cementerio La Apacheta', 'Avenida Vidaurrazaga', -16.43018200, -71.53546300),
(338, 'Sánchez Trujillo', 'Avenida Las Peñas, 398', -16.43246700, -71.53590500),
(339, 'Centro de Salud Salaverry', 'Avenida Las Peñas, 898', -16.43509300, -71.53661100),
(340, 'Las Peñas', 'Av. Las Peñas, 1098', -16.43661600, -71.53711200),
(341, 'Cerro Salaverry', 'Avenida Francisco Mostajo, 399', -16.43676900, -71.53929800),
(342, 'Primavera', 'Avenida Primavera, 303', -16.44775700, -71.54836000),
(343, 'Unión', 'Calle 28 de Junio', -16.44844600, -71.55054300),
(344, 'Arica', 'Avenida Unión, 100', -16.44781200, -71.55124600),
(345, 'San Miguel de Piura', 'Avenida Mariscal Ureta', -16.44932500, -71.55287400),
(346, 'Estadio Juan Velasco Alvarado', 'Avenida Mariscal Ureta, 368', -16.45057200, -71.55404900),
(347, 'Complejo Deportivo León del Sur', 'Avenida Mariscal Ureta', -16.45282300, -71.55586900),
(348, 'Marcavalle', 'Avenida Cabo Alfredo Maldonado', -16.45464400, -71.55381800),
(349, 'Estadio 2 de Junio', 'Jirón Túpac Amaru', -16.45334600, -71.55827200),
(350, 'Terminal AQP Masivo S.A.C. (Villa Santa Rosa)', 'Avenida Santa Rosa', -16.42112600, -71.46866000),
(351, 'I.E. 40704 Villa Santa Rosa de Chiguata', 'Avenida Santa Rosa', -16.42223100, -71.46903500),
(352, 'Villa Santa Rosa de Chiguata', 'Avenida Principal', -16.42291300, -71.47010600),
(353, 'Complejo Deportivo Mirador de Jesús', 'Via de Acceso Villa Santa Rosa de Chiguata', -16.42253500, -71.47109600),
(354, 'El Mirador de Jesús', 'Avenida Principal', -16.42251500, -71.47366500),
(355, 'Entrada a Villa Santa Rosa', 'Avenida Principal', -16.42226200, -71.47552300),
(356, 'Zoo Mundo', 'Avenida Jesus (Balneario de Jesus)', -16.41995900, -71.47381500),
(357, 'Virgen del Carmen', 'Avenida Jesus', -16.41857200, -71.47336900),
(358, 'Villa Belén', 'Avenida Jesus', -16.41745800, -71.47329700),
(359, 'Cerrito Verde', 'Avenida Jesus', -16.41652200, -71.47484900),
(360, 'Entrada a Cerrito Verde', 'Avenida Jesus', -16.41653500, -71.47686700),
(361, 'Nicaragua', 'Calle Abrham Valdelomar', -16.41794900, -71.48163600),
(362, 'I.E. Héroes del Pacífico (Alto Jesús)', 'Calle Mesias', -16.41948800, -71.48401300),
(363, 'Comisaría de Israel', 'Calle Los Angeles', -16.41894400, -71.48529900),
(364, 'Estadio Israel', 'Calle Esau', -16.42006900, -71.48572600),
(365, 'Belén', 'Calle Genesis con Calle Belen', -16.42060100, -71.48742500),
(366, 'Rey Elías', 'Calle Jerusalen con Calle Rey Elias', -16.42139200, -71.48894800),
(367, 'Ibérico', 'Calle Jerusalen', -16.42232100, -71.49020400),
(368, 'Cajamarca', 'Calle Cuba con Calle Cajamarca', -16.42276700, -71.49157300),
(369, 'Alto Jesús', 'Calle Cajamarca con Calle Huancavelica', -16.42381100, -71.49306800),
(370, 'Estadio Alto Jesús', 'Calle Huancavelica', -16.42538700, -71.49227900),
(371, 'Alto de la Alianza', 'Calle Huancavelica con Av. Alto de la Alianza', -16.42670000, -71.49316700),
(372, 'Los Pinos', 'Av. Alto de la Alianza con Calle los Claveles', -16.42607600, -71.49472000),
(373, 'Júpiter', 'Ca. Los Claveles con Ca. Jupiter', -16.42648100, -71.49658600),
(374, 'I.E. Héroes del Cenepa', 'Calle Los Claveles con Jiron Miguel Grau', -16.42700100, -71.49863600),
(375, 'Estadio Juan Soto Cabrera', 'Ca. Los Claveles con Jiron Las Estrellas', -16.42722000, -71.50031800),
(376, 'Las Dalias', 'Ca. Los Naranjos con Ca. Las Dalias', -16.42723500, -71.50211800),
(377, 'Estadio Máximo Carrasco Meza', 'Jiron Tupac Amaru', -16.42865500, -71.50289000),
(378, 'Cristo Rey', 'Ca. Independencia con Av. Cristo Rey', -16.42994800, -71.50302000),
(379, 'Cementerio de Paucrapata', 'Avenida Independencia con Pasaje Santa Ana', -16.43257700, -71.50438700),
(380, 'Plaza de Paucrapata', 'Avenida Progreso, 442', -16.43301900, -71.50712100),
(381, 'Santa Ana', 'Ca. Progreso con Ca. Santa Ana', -16.43343700, -71.51054500),
(382, 'Colón', 'Ca. Progreso con Av. Colon', -16.43179900, -71.51140400),
(383, 'Alas del Sur', 'Calle Colon', -16.43080000, -71.51210500),
(384, 'Los Zafiros', 'Av. Colon con Av. Tupac Amaru', -16.43214600, -71.51359000),
(385, 'La Alborada', 'Av. Tupac Amaru con Pje. Mollendo', -16.43344900, -71.51518700),
(386, 'Mi Perú', 'Avenida Tupac Amaru', -16.43440300, -71.51676100),
(387, 'Puente Peatal de Mi Perú', 'Av. Tupac Amaru', -16.43519400, -71.51837300),
(388, 'Puente La Florida', 'Av. Tupac Amaru', -16.43620700, -71.52131000),
(389, 'Hotel, Sauna y Spa - América', 'Avenida Dolores', -16.43490800, -71.52204100),
(390, 'Solar del Bosque', 'Av. Dolores con Ca. Nelia Tejada Pino', -16.43523900, -71.52411200),
(391, 'Túpac Amru (J.P.V. Y G.)', 'Av. Los Proceres con Av. Tupac Amaru', -16.43421200, -71.52580000),
(392, 'Francisco de Miranda', 'Av. Tupac Amaru con Ca. Francisco de Miranda', -16.43309900, -71.52599100),
(393, 'I.E. Jorge Basadre Grohmann', 'Calle Tupac Amaru', -16.43160100, -71.52623900),
(394, 'Alto de la Luna', 'Av. Tupac Amaru', -16.42977800, -71.52655200),
(395, 'Presto (Avenida Estado Unidos)', 'Av. Tupac Amaru con Av. Estados Unidos', -16.42980500, -71.52831100),
(396, 'Guatemala', 'Avenida Estados Unidos, 401', -16.43022600, -71.53103400),
(397, 'Vinatea Reynos', 'Avenida Estados Unidos, 215', -16.43044500, -71.53249000),
(398, 'La Apacheta', 'Avenida Estados Unidos, 101', -16.43033700, -71.53323900),
(399, 'Mi Perú', 'Av. Vidaurrazaga con Av. Peru', -16.42869300, -71.53406400),
(400, 'Villa Eléctrica', 'Avenida Cementerio, 201', -16.42756400, -71.53391400),
(401, 'Puerta Verde', 'Av. Cementerio con Ca. Costa Rica', -16.42525200, -71.53392100),
(402, 'Mercado Sur Andino', 'Avenida Vidaurrazaga', -16.42129000, -71.54131400),
(403, 'Ambrosio Vucetich', 'Calle Ambrosio Vucetich, 101', -16.42207400, -71.54389900),
(404, 'Terminal Terrestre', 'Avenida Los Incas', -16.42208300, -71.54390200),
(405, 'Mercado Señor del Gran Poder', 'Avenida Andrés Avelino Cáceres', -16.42544300, -71.53550200),
(406, 'Centro Comercial La Isla', 'Auxiliar Av. Cementerio', -16.42623800, -71.53382600),
(407, 'Puerta Verde', 'Av. Cementerio', -16.42743200, -71.53408300),
(408, 'Villa Eléctrica', 'Av. Cementerio', -16.42855800, -71.53426000),
(409, 'Cementerio Gral. La Apacheta', 'Av. Cementerio con Av. Vidaurrázaga', -16.43007200, -71.53444800),
(410, 'La Apacheta', 'Av. Vidaurrázaga con Av. Garcilaso de la Vega', -16.43057800, -71.53327600),
(411, 'La Apacheta', 'Avenida Estados Unidos, 104', -16.43066600, -71.53243700),
(412, 'Fecia', 'Avenida Estados Unidos, 148', -16.43045300, -71.53125000),
(413, 'Honduras', 'Av. Estados Unidos con Ca. Honduras', -16.43014100, -71.52907400),
(414, 'Alto de la Luna', 'Avenida Dolores', -16.43167900, -71.52338600),
(415, 'Monterrico', 'Avenida Dolores', -16.43312500, -71.52306300),
(416, 'Juan Pablo Vizcardo y Guzmán', 'Av. Dolores con Av. Los Próceres', -16.43468700, -71.52250700),
(417, 'Hotel, Sauna & Spa - América', 'Avenida Dolores', -16.43640700, -71.52147900),
(418, 'La Florida', 'Av. Túpac Amaru', -16.43454300, -71.51680800),
(419, 'La Alborada', 'Av. Túpac Amaru', -16.43231300, -71.51361600),
(420, 'Colón (Los Zafiros)', 'Av. Túpac Amaru con Av. Colón', -16.43085200, -71.51222100),
(421, 'Alas del Sur', 'Avenida Colón', -16.43235100, -71.51125600),
(422, 'Progreso', 'Avenida Colón, 110', -16.43332100, -71.51067100),
(423, 'Santa Ana', 'Avenida Progreso, 198', -16.43311200, -71.50404100),
(424, 'Plaza de Paucarpata', 'Calle 28 de Julio', -16.43029800, -71.50293400),
(425, 'Cementerio de Paucarpata', 'Avenida Independencia', -16.42882200, -71.50279800),
(426, 'Cristo Rey', 'Ca. Independencia', -16.42731200, -71.50215700),
(427, 'Las Dalias', 'Ca. Los Naranjos', -16.42707800, -71.49855400),
(428, 'Estadio Juan Soto Cabrera', 'Jirón Los Claveles', -16.42661700, -71.49672600),
(429, 'Mercado Juana Cervantes de Bolognesi', 'Calle Los Claveles', -16.42619800, -71.49483500),
(430, 'Alto de la Alianza', 'Ca. Los Claveles con Av. Alto de la Alianza', -16.42749100, -71.49313500),
(431, 'Huancavelica', 'Av. Alto de la Alianza', -16.42556500, -71.49209800),
(432, 'Alto Jesús', 'Ca. Huancavelica con Ca. Cajamarca', -16.42416500, -71.49049000),
(433, 'Argentina', 'Ca. Brasil con Ca. Argentina', -16.42248100, -71.49028400),
(434, 'Rey Elías', 'Ca. Jerusalén con Ca. Rey Elías', -16.42072600, -71.48752600),
(435, 'Belén', 'Ca. Jerusalén', -16.42021400, -71.48579100),
(436, 'Estadio Israel', 'Calle Génesis', -16.41910700, -71.48538300),
(437, 'Comisaría de Israel', 'Avenida Los Ángeles', -16.41984000, -71.48390000),
(438, 'Nicaragua', 'Calle Abraham Valdelomar', -16.41665200, -71.47694500),
(439, 'Villa Jesús', 'Avenida Jesús', -16.41996100, -71.47393800),
(440, 'Complejo Deportivo Mirador de Jesús', 'Avenida Principal', -16.42292900, -71.47027800),
(441, 'Villa Santa Rosa de Chiguata', 'Vía de Acceso Villa Santa Rosa de Chiguata', -16.42239000, -71.46900700),
(442, 'Paradero Emarsistran S.A. (Horacio Zeballos Gámez)', 'Horacio Zeballos Gámez', -16.47485700, -71.50457600),
(443, 'Horacio Zeballos, Parque Zn. 15', 'Ca. Javier Heraud', -16.47554100, -71.50408700),
(444, 'Mercado de Horacio Zeballos Gámez', 'Ca. José María Arguedas', -16.47684700, -71.50442300),
(445, 'Moscú', 'Ca. Arguedas con Av. Moscú', -16.47884700, -71.50294700),
(446, 'César Vallejo', 'Av. José C. Mariátegui con Ca. César Vallejo', -16.47995600, -71.50454300),
(447, 'Reservorio de Horacio Zeballos Gámez', 'Calle Javier Heraud', -16.48028600, -71.50056800),
(448, 'Entrada a Nuevo Amanecer', 'Avenida Characato', -16.48330700, -71.50118000),
(449, 'Cruce Penal', 'Avenida Characato con Avenida Alberto Páez', -16.48639900, -71.50160800),
(450, 'Heraldos Negros', 'Av. Alberto Páez con Ca. Heraldos Negros', -16.48790700, -71.50355700),
(451, 'Óvalo de Horacio Zeballos Gámez', 'Avenida Alberto Páez', -16.48927000, -71.50635400),
(452, 'I.E.P. Divino Jesús de Socabaya', 'Av. Alberto Páez', -16.49008000, -71.50886200),
(453, 'Villa Hermosa', 'Av. San Fernando', -16.48876900, -71.50990100),
(454, 'Villa del Sur', 'Asociación de Vivienda Villa del Sur', -16.48866600, -71.51146800),
(455, 'Villa de Socabaya', 'Av. San Fernando', -16.48843400, -71.51351400),
(456, 'Grifo Primax \"Villa del Sur\"', 'Avenida San Fernando', -16.48808300, -71.51610400),
(457, 'Pueblo Tradicional La Pampa', 'Av. San Fernando', -16.48660600, -71.51857700),
(458, 'La Pampa', 'Pueblo Tradicional La Pampa', -16.48817300, -71.52065900),
(459, 'La Pampa, Mz. Y', 'Avenida San Fernando', -16.48498600, -71.52067800),
(460, 'I.E.P. Santa María de Fátima', 'Avenida Salaverry, 113', -16.48320300, -71.52478400),
(461, 'La Estancia de Socabaya', 'Avenida Salaverry', -16.47749900, -71.52550600),
(462, 'Subestación Socabaya REP', 'Avenida Salaverry', -16.47453900, -71.52769500),
(463, 'Centro de Salud \"San Fernando\"', 'Avenida Salaverry, 303', -16.47322400, -71.52858200),
(464, 'Ampliación Socabaya', 'Avenida Salaverry, 101', -16.47087500, -71.52876400),
(465, 'Plaza de Armas de Socabaya', 'Avenida Salaverry', -16.46709700, -71.52888800),
(466, 'Estación Sur Lara', 'Avenida Salaverry, 330', -16.45134400, -71.53174000),
(467, 'Lara', 'Avenida Salaverry, 316', -16.45106000, -71.53222800),
(468, 'Grifo Milagritos', 'Avenida Salaverry, 396', -16.45241500, -71.53127400),
(469, 'Ampliación Socabaya', 'Avenida Salaverry, 499', -16.47066200, -71.52904600),
(470, 'Centro de Salud \"San Fernando\"', 'Avenida Salaverry, 298', -16.47290400, -71.52877600),
(471, 'Subestación Socabaya REP', 'Av. Salaverry', -16.47430000, -71.52830800),
(472, 'La Pampa, Mz. T', 'Avenida San Fernando', -16.48503400, -71.52093400),
(473, 'Pueblo Tradicional La Pampa', 'Pueblo Tradicional La Pampa', -16.48676700, -71.51871800),
(474, 'Villa del Sur', 'Avenida San Fernando', -16.48884900, -71.51168000),
(475, 'I.E.P. Divino Jesús de Socabaya', 'Calle Atahualpa', -16.48981300, -71.50980500),
(476, 'Cruce Penal', 'Avenida Alberto Páez', -16.48667100, -71.50164400),
(477, 'Grifo Horacio', 'Avenida Characato', -16.48130700, -71.49971500),
(478, 'Arguedas', 'Av. José Carlos Mariátegui', -16.47972000, -71.50210700),
(479, 'Moscú', 'Ca. José María Arguedas con Av. Moscú', -16.47888400, -71.50274500),
(480, 'Horacio Zeballos Gámez, Parque Zn. 15', 'Ca. Javier Heraud con Ca. 7de Octubre', -16.47555600, -71.50388500),
(481, 'Terminal Emarsistran S.A. (La Campiña)', 'Calle Los Jardines, 163', -16.46161900, -71.52420900),
(482, 'Loza Deportiva \"Santa Cruz\"', 'Calle Los Huertos', -16.46182900, -71.52332700),
(483, 'La Campiña (Sector 2)', 'Avenida Primavera', -16.46174000, -71.52216900),
(484, 'Los Lirios', 'Avenida Primavera', -16.46118300, -71.52080700),
(485, 'Jacintos', 'Avenida Primavera', -16.46073200, -71.52017300),
(486, 'Geranios', 'Avenida Primavera', -16.46002800, -71.51938700),
(487, 'Buena Vista', 'Avenida Primavera', -16.45942400, -71.51842300),
(488, 'Azucenas', 'Avenida Primavera', -16.45847900, -71.51753900),
(489, 'I.E. La Campiña', 'Avenida Primavera', -16.45712700, -71.51676100),
(490, 'A.A. H.H. Los Salchichas', 'Avenida Primavera', -16.45641600, -71.51603800),
(491, 'El Sol', 'Avenida Primavera', -16.45541100, -71.51500400),
(492, 'Arequipa', 'Avenida El Sol', -16.45383200, -71.51641900),
(493, 'Los Cerezos', 'Avenida Arequipa', -16.45439400, -71.51727200),
(494, 'Parque Recreativo de la Campiña (Sector 4)', 'Avenida Arequipa', -16.45568800, -71.51809200),
(495, 'Malecón y Mirador de la Campiña', 'Avenida Arequipa', -16.45664800, -71.51950000),
(496, 'Skatepark La Campiña', 'Avenida El Bosque', -16.45775200, -71.52140100),
(497, 'Los Eucaliptos', 'Avenida El Bosque', -16.45852000, -71.52352400),
(498, 'Manglares de Los', 'Av. El Bosque con Pje. Los Manglares', -16.45928300, -71.52430900),
(499, 'Parque Colibrí de la Campiña', 'Avenida El Bosque', -16.46052900, -71.52553900),
(500, 'Salaverry', 'Avenida El Bosque', -16.46166000, -71.52783400),
(501, 'Club de Los Cibeles', 'Avenida Salaverry, 552', -16.46036400, -71.52855000),
(502, 'Estación Sur Lara', 'Avenida Salaverry, 330 años', -16.45134100, -71.53173100),
(503, 'El Bosque', 'Avenida El Bosque', -16.46166000, -71.52783400),
(504, 'Los Manglares', 'Av. El Bosque con Pje. Los Manglares', -16.45928300, -71.52430900),
(505, 'Los Cerezos', 'Av. Arequipa', -16.45439400, -71.51727200),
(506, 'El Sol', 'Avenida Arequipa', -16.45541100, -71.51500400),
(507, 'Azucenas', 'Av. Primavera con Ca. Azucenas', -16.45847900, -71.51753900),
(508, 'Loza Deportiva Santa Cruz', 'Av. Primavera', -16.46182900, -71.52332700),
(509, 'Terminal Emarsistran S.A. (La Campiña)', 'Calle Los Jardines, 101', -16.46161900, -71.52420900),
(510, 'Lima', 'Lima 200', -16.39926400, -71.58293700),
(511, 'Santa Marta', 'Sta. Martha', -16.39654700, -71.58062000),
(512, 'Republica del Perú', 'Av. R. del Perú 202', -16.39458000, -71.58156000),
(513, 'Simón Bolivar', 'Av. R. del Perú 308', -16.39442600, -71.57990700),
(514, 'Junín', 'Av. R. del Perú', -16.39428400, -71.57806600),
(515, 'Miguel Grau', 'Av. R. del Perú', -16.39428300, -71.57733000),
(516, 'Tarapacá', 'Psj. Miguel Grau', -16.39145100, -71.57773700),
(517, 'Av. Perú', 'Psj. Miguel Grau', -16.38864200, -71.57824500),
(518, 'Los Cipreses', 'Av. Perú', -16.38763100, -71.57627700),
(519, 'Parque Alto Victoria', 'La Libertad 903', -16.38554200, -71.57474900),
(520, 'San Martin (Alto libertad)', '15 de Agosto 403', -16.38297800, -71.57551500),
(521, 'Estadio de Alta Libertad', 'Av. San Martín', -16.38193400, -71.57451700),
(522, 'Miguel Grau', 'Av. San Martín', -16.38017800, -71.57343000),
(523, 'Francisco Pizarro', 'Av. San Martín', -16.37841100, -71.57248500),
(524, 'Lambayeque', 'Av. San Martín', -16.37684500, -71.57110000),
(525, 'Alfonso Ugarte', 'Lampa 914', -16.37546000, -71.57051300),
(526, 'Estadio Arturo Diaz Huertas', 'Tumbes 209', -16.37524000, -71.56820000),
(527, 'IE 200 Millas Peruanas', '27 de Noviembre 405', -16.37463700, -71.56258700),
(528, 'IEP Carlos Baca Flor', '27 de Noviembre 201', -16.37417000, -71.56051700),
(529, 'Plaza Las Americas', 'Ca. Miguel Grau 214', -16.37605700, -71.55998000),
(530, 'Mercado la Libertad', 'Alfonso Ugarte 106', -16.37885400, -71.55929500),
(531, 'José Olaya', 'Tienda Mass', -16.37989500, -71.55796700),
(532, 'José Olaya', 'Alto Libertad', -16.37989500, -71.55796700),
(533, 'Plaza Las Americas', 'Alfonzo Ugarte', -16.37714000, -71.55965400),
(534, 'Municipio de Cerro Colorado', 'Alfonzo Ugarte', -16.37616700, -71.55987400),
(535, 'IEP Carlos Baca Flor', 'Alfonzo Ugarte', -16.37420100, -71.56032400),
(536, 'IE 200 Millas Peruanas', '27 de Noviembre 206', -16.37447100, -71.56242900),
(537, 'Estadio Arturo Díaz Huertas', '27 de Noviembre', -16.37516900, -71.56780100),
(538, 'Alfonzo Ugarte', 'Av. Tumbes', -16.37498800, -71.57018400),
(539, '15 de Agosto (Alto Libertad)', 'Av. San Martin', -16.38282700, -71.57557000),
(540, 'Lima (Alto Libertad)', 'De Agosto', -16.38383300, -71.57491800),
(541, 'Parque Alto Victoria', 'Jorge Chavez', -16.38538800, -71.57462000),
(542, 'Avenida Perú', 'Av. Perú', -16.38681500, -71.57504700),
(543, 'Miguel Grau', 'Av. Perú', -16.38841900, -71.57817200),
(544, 'Tarapacá', 'Pje. Miguel Grau', -16.39129800, -71.57785800),
(545, 'Republica del Perú', 'Pje. Miguel Grau', -16.39411000, -71.57735400),
(546, 'Nicolás de Piérola', 'Pje. Miguel Grau', -16.39626600, -71.57696100),
(547, 'Lima', 'Pje. Miguel Grau', -16.39849500, -71.57653900),
(548, 'Parque de la Amistad', 'Pje. Miguel Grau', -16.40024600, -71.57624300),
(549, 'Cajamarca', 'Moquegua', -16.40199300, -71.57641800),
(550, 'Huánuco', 'Moquegua', -16.40238100, -71.57848800),
(551, 'Variante de Uchumayo', 'Huánuco', -16.40483400, -71.57866300),
(552, 'Ladrillera El Diamante', 'Vía Expresa', -16.40514900, -71.58225100),
(553, 'Complejo deportivo del Colegio Internacional', 'Vía de Evitamiento', -16.40207700, -71.58439800),
(554, 'Lima (Semi Rural Pachacútec)', 'Jr. Lima', -16.39833400, -71.57507400),
(555, 'Palacios', 'Jr. Lima', -16.39860600, -71.57715700),
(556, 'Junín', 'Jr. Lima', -16.39884600, -71.57907600),
(557, 'Simón Bolivar', 'Jr. Lima', -16.39898500, -71.58110300),
(558, 'Fray Martin de Porres', 'Jr. Lima', -16.39916100, -71.58285400),
(559, 'Santa Martha', 'Fray Martin', -16.39656600, -71.58206400),
(560, 'República del Perú', 'Fray Martin', -16.39460500, -71.58158200),
(561, 'Libertador San Martin', 'Fray Martin', -16.39259600, -71.58188900),
(562, 'Vía de Evitamiento', 'Fray Martin', -16.39026800, -71.58242300),
(563, 'J. Moran', 'Av. Perú', -16.38940100, -71.58019200),
(564, 'Francisco Bolognesi', 'Av. Perú', -16.38843100, -71.57790600),
(565, 'Argentina', 'Av. Perú', -16.38649800, -71.57380100),
(566, 'Choquehuanca', 'Av. Perú', -16.38548700, -71.57164800),
(567, 'Perú', 'Av. Perú', -16.38492800, -71.57044600),
(568, 'Perú2', 'Av. Perú', -16.38437100, -71.56927800),
(569, 'Cementerio Parque de la Esperanza', 'José Olaya', -16.38228900, -71.56500700),
(570, 'Quinta Azores', 'José Olaya', -16.38119500, -71.56288700),
(571, 'Sosa Ruiz', 'José Olaya', -16.38024400, -71.56120700),
(572, 'Mercado La Libertad', 'Jorge Chavez', -16.37916200, -71.55903900),
(573, 'General Moran', 'Gral. Moran', -16.37890100, -71.55715400),
(574, 'Cerro Viejo (Salamanca)', 'Salamanca', -16.37967300, -71.55664000),
(575, 'Mercado de Cerro Colorado', 'José Olaya', -16.37995200, -71.55870500),
(576, 'Mariano Melgar', 'Av. Perú', -16.38411300, -71.56901800),
(577, 'Independencia', 'Av. Perú', -16.38464200, -71.57023700),
(578, 'Ica (Alto Libertad)', 'Av. Perú', -16.38520500, -71.57139500),
(579, '15 de Agosto', 'Av. Perú', -16.38611500, -71.57346300),
(580, '1 de Mayo (Alto Victoria)', 'Av. Perú', -16.38681000, -71.57488300),
(581, 'Vía de Evitamiento', 'Av. Perú', -16.38997400, -71.58237400),
(582, 'Simón Bolívar', 'Bolívar', -16.39443500, -71.57992900),
(583, 'Junín', 'Av. República', -16.39431300, -71.57809900),
(584, 'Santa Martha', 'Junín', -16.39559700, -71.57838100),
(585, 'Parque Recreativo Junín \"Los Compadres\"', 'Junín', -16.39656900, -71.57859400),
(586, 'Lima', 'Junín', -16.39875900, -71.57916300),
(587, 'Tacna', 'Junín', -16.40041800, -71.57957300),
(588, 'Lambayeque', 'Tacna', -16.40023200, -71.57744400),
(589, 'Arica', 'Pje. Miguel Grau', -16.39945100, -71.57625700),
(590, 'Arequipa (Semi Rural Pachacútec)', 'Lima', -16.39843100, -71.57506400),
(591, 'Estación Norte terminal Pesquero (Río Seco)', 'Av. Aviación', -16.34298900, -71.57890200),
(592, 'Fuerte Coronel Bolognesi', 'Av. Aviación', -16.34626800, -71.57485000),
(593, 'Plaza de Río Seco', 'Av. Aviación', -16.35005300, -71.57148400),
(594, 'Zamacola', 'Av. Aviación', -16.35404600, -71.56780500),
(595, 'EsSalud', 'Av. Aviación', -16.36223900, -71.56183100),
(596, 'Campo Verde', 'Av. Aviación', -16.36642100, -71.56084400),
(597, 'La Fonda', 'Av. Aviación', -16.37316400, -71.55923200),
(598, 'Metro', 'Av. Aviación', -16.37607800, -71.55738400),
(599, 'Cerro Viejo', 'Av. Pumacahua', -16.37944400, -71.55691700),
(600, 'Centro de Salud Mental Moisés Heresi', 'Av. Pumacahua', -16.38205100, -71.55664100),
(601, 'Circunvalación', 'Prol. Av. Ejército', -16.38649100, -71.55388300),
(602, 'Real Plaza', 'Av. Ejército', -16.38887300, -71.55006800),
(603, 'Plaza del Centro Comercial', 'Av. Ejército', -16.39036600, -71.54598500),
(604, 'Quesada', 'Av. Ejército', -16.39157000, -71.54267100),
(605, 'Recoleta', 'Av. Ejército', -16.39223900, -71.54085200),
(606, 'Puente Grau', 'C. Bolívar', -16.39347900, -71.53671500),
(607, 'Moral', 'C. Bolívar', -16.39658300, -71.53790200),
(608, 'Plaza de Armas', 'C. Sucre', -16.39859500, -71.53866600),
(609, 'Consuelo', 'C. Sucre', -16.40073000, -71.53946600),
(610, 'La Merced', 'Salaverry', -16.40614000, -71.53998000),
(611, 'Quiroz', 'Salaverry', -16.40750800, -71.53887600),
(612, 'Independencia', 'Av. Mariscal', -16.41093100, -71.53590200),
(613, 'Hospital General Honorio Delgado Espinoza', 'Alcides Carrión', -16.41568900, -71.53409600),
(614, 'ADEPA', 'Alcides Carrión', -16.41879500, -71.53210900),
(615, 'Parroquia \"Santo Toribio de Mogrovejo\"', 'Alcides Carrión', -16.42161100, -71.53135200),
(616, 'Andrés Avelino Cáceres', 'Alcides Carrión', -16.42516500, -71.53341000),
(617, 'La Isla', 'Av. Perú', -16.42631000, -71.53325700),
(618, 'La Apacheta', 'Garcilaso de la Vega', -16.43127100, -71.53278700),
(619, '13 de Energía ', 'Garcilaso de la Vega', -16.43385800, -71.53185200),
(620, 'Los Toritos ', 'Av. Socabaya', -16.43769400, -71.53045000);
INSERT INTO `paraderos` (`id_paradero`, `nombre`, `direccion`, `latitud`, `longitud`) VALUES
(621, 'Centro de Salud San Martin de Socabaya', 'Av. Socabaya', -16.43896400, -71.53000300),
(622, 'Mercado San Martin de Socabaya', 'Av. Socabaya', -16.44033700, -71.52949800),
(623, 'Grifo San Fernando', 'Av. Socabaya', -16.44204700, -71.52907200),
(624, 'Coscollo ', 'Av. Socabaya', -16.44543400, -71.53045900),
(625, 'Parque a la madre - El Triangulo', 'Av. Salaverry', -16.44741500, -71.53147100),
(626, 'Urb. Lara', 'Av. Salaverry', -16.45014100, -71.53268700),
(627, 'Lara', 'Av. Salaverry', -16.45098700, -71.53213400),
(628, 'Aplao', 'Av. Socabaya', -16.43684400, -71.53057000),
(629, '13 de Enero', 'Av. Socabaya', -16.43386400, -71.53160700),
(630, 'La Apacheta', 'Av. Socabaya', -16.43096800, -71.53265400),
(631, 'Monumento a los Bomberos', 'Alcides Carrión', -16.42508400, -71.53305600),
(632, 'Los pinos', 'Alcides Carrión', -16.42186800, -71.53122400),
(633, 'Hospital Honorio Delgado Espinoza', 'Alcides Carrión', -16.41612400, -71.53344600),
(634, 'Estadio Melgar', 'Mariscal Cáceres', -16.41019600, -71.53607400),
(635, 'Quiróz', 'Mariscal Cáceres', -16.40753400, -71.53855100),
(636, 'La Barraca', 'C. San Juan de Dios', -16.40508900, -71.53759100),
(637, 'San Camilo', 'C. San Juan de Dios ', -16.40209900, -71.53638600),
(638, 'Mercaderes', 'C. Jerusalén', -16.39893400, -71.53510400),
(639, 'Melgar', ' C. Jerusalén ', -16.39590200, -71.53388800),
(640, 'Parque Selva Alegre', 'C. Jerusalén ', -16.39202500, -71.53237200),
(641, 'San Lázaro', 'Juan de la Torre', -16.39284900, -71.53516700),
(642, 'Puente Grau', 'Grau', -16.39306500, -71.53729300),
(643, 'Misti ', 'Av. Ejercito ', -16.39182300, -71.54119400),
(644, 'Emmel', 'Av. Ejercito ', -16.39121500, -71.54293200),
(645, 'Plaza del Centro Comercial', ' Av. Ejercito', -16.39008000, -71.54607800),
(646, 'Real Plaza', ' Av. Ejercito', -16.38891500, -71.54951700),
(647, 'Circunvalación', 'Prol.  Av. Ejercito', -16.38660400, -71.55368400),
(648, 'Socosani', 'Av. Pumacahua', -16.38305100, -71.55626100),
(649, 'Urb. La Fonda', 'Av. Aviación', -16.37261800, -71.55913200),
(650, 'Campo Verde', ' Av. Aviación', -16.36721000, -71.56039100),
(651, 'Colegio Vencedor', 'Av. Aviación', -16.36210200, -71.56147200),
(652, 'Plaza de Río Seco', ' Av. Aviación', -16.35001300, -71.57113200),
(653, 'Terminal Pesquero (Río Seco)', ' Av. Aviación', -16.34273300, -71.57854800),
(654, 'Garci Carbajal', 'Av. Jorge Chavez', -16.40691800, -71.53476200),
(655, 'Víctor Lira', 'Av. Jorge Chavez', -16.40495900, -71.53240500),
(656, 'Paucarpata', 'Av. Jorge Chavez', -16.40264100, -71.52949300),
(657, 'La Salle', 'Av. Goyoneche', -16.40007700, -71.52632200),
(658, 'Manuel Muños Najar', 'Av. Goyoneche', -16.39816600, -71.52394300),
(659, 'Puno', 'Av. Goyoneche', -16.39672800, -71.52218800),
(660, 'Plaza Mayta Cápac', 'Av. Progreso', -16.39433300, -71.52129800),
(661, 'San Martin', 'Av. Progreso', -16.39349800, -71.52236800),
(662, 'Calvario', 'Av. Progreso', -16.39222700, -71.52397300),
(663, 'Taboada', 'Av. Progreso', -16.39054100, -71.52614400),
(664, 'Primavera', 'Av. Arequipa', -16.38986800, -71.52733200),
(665, 'Peral', 'Av. Juan de la Torre', -16.39163800, -71.53074500),
(666, 'San Lázaro', 'Av. Juan de la Torre', -16.39289700, -71.53518800),
(667, 'Mall Plaza', ' Av. Ejercito', -16.39008000, -71.54607800),
(668, 'Estación Norte Terminal Pesquero (Río Seco)', ' Av. Aviación', -16.34315000, -71.57823500),
(669, 'Mall Plaza', 'Av. Ejército', -16.39036600, -71.54598500),
(670, 'Jerusalén ', 'Av. Juan de la Torre', -16.39194100, -71.53247600),
(671, 'Progreso', 'Av. Arequipa', -16.38970200, -71.52689200),
(672, 'El Carmen', 'Av. Progreso', -16.39094100, -71.52578400),
(673, 'Don Bosco', 'Av. Goyoneche', -16.39943900, -71.52564600),
(674, 'Octavio Muños Najar', 'Av. Goyoneche', -16.40245500, -71.52936100),
(675, 'Independencia', 'Mariscal Cáceres', -16.41113800, -71.53578900),
(676, 'Terminal MegaBus AQP S.A.C (Villa el Triunfo)', 'Sachaca', -16.41407300, -71.59449800),
(677, 'Villa el Triunfo', 'Sachaca', -16.41667100, -71.59533500),
(678, '23 de Junio', 'Sachaca', -16.41816600, -71.59317800),
(679, 'I.E El Milagro de Fátima - Circa', 'C. José Olaya', -16.42162500, -71.58878200),
(680, 'Alto de Amados', 'C. José Olaya', -16.42261500, -71.58729500),
(681, 'Duraznos', 'Progreso', -16.41491700, -71.58514300),
(682, 'Internacional', 'Progreso', -16.41690900, -71.58274700),
(683, 'Francisco Bolognesi', 'Progreso', -16.41596300, -71.58194000),
(684, 'Huaranguillo', 'Progreso', -16.41497000, -71.57900000),
(685, 'Aeropuerto', 'Aeropuerto Rodriguez Ballon', -16.34499156, -71.56717994),
(686, 'Mercado Zamacola', 'Mercado de Zamacola', -16.35190983, -71.56421882),
(688, 'Paradero Parra', 'Inicio Avenida Parra', -16.40570121, -71.53997884),
(689, 'Cruce Puente San Martin', 'Puente San Martin', -16.41829824, -71.55036411);

-- --------------------------------------------------------

--
-- Estructura de tabla para la tabla `usuarios`
--

CREATE TABLE `usuarios` (
  `id_usuario` int(11) NOT NULL,
  `nombre` varchar(100) NOT NULL,
  `apellido` varchar(100) NOT NULL,
  `email` varchar(150) NOT NULL,
  `password_hash` varchar(255) NOT NULL,
  `es_admin` tinyint(1) NOT NULL DEFAULT 0,
  `fecha_registro` timestamp NOT NULL DEFAULT current_timestamp()
) ENGINE=InnoDB DEFAULT CHARSET=utf8mb4 COLLATE=utf8mb4_general_ci;

--
-- Volcado de datos para la tabla `usuarios`
--

INSERT INTO `usuarios` (`id_usuario`, `nombre`, `apellido`, `email`, `password_hash`, `es_admin`, `fecha_registro`) VALUES
(1, 'Jord', 'Cusi', 'jordi@admin.com', '5dce0800e61ea928d3cf78e92c25c158a6fe18b241f3b12e4bff822ae917155c', 1, '2025-01-15 10:00:00'),
(2, 'Erick', 'Saldivar', 'erick@admin.com', '04902401f648e55d103f2983775bc082091d8b9b256df7f62f6508853cdf351c', 1, '2025-01-15 10:00:00'),
(3, 'Andre', 'Apaza', 'andre@admin.com', '8a8b53dd046a36328b661315ffd6a594c9229ab4672fc6207c9f3ff8449516f0', 1, '2025-01-15 10:00:00'),
(4, 'Erick', 'Saldivar', 'sal@gmail.com', '8d969eef6ecad3c29a3a629280e686cf0c3f5d5a86aff3ca12020c923adc6c92', 1, '2025-11-03 19:58:59'),
(5, 'Dickboy', 'Jordi', 'dick@dick.com', '8d969eef6ecad3c29a3a629280e686cf0c3f5d5a86aff3ca12020c923adc6c92', 0, '2025-11-11 00:56:28'),
(10, 'pancon', '', 'pancon@jamon.com', '8d969eef6ecad3c29a3a629280e686cf0c3f5d5a86aff3ca12020c923adc6c92', 0, '2025-11-11 04:03:08'),
(11, 'pan', '', 'pan@huevo.com', '8d969eef6ecad3c29a3a629280e686cf0c3f5d5a86aff3ca12020c923adc6c92', 0, '2025-11-11 04:09:06');

--
-- Índices para tablas volcadas
--

--
-- Indices de la tabla `historial_viajes`
--
ALTER TABLE `historial_viajes`
  ADD PRIMARY KEY (`id`),
  ADD KEY `idx_usuario` (`id_usuario`),
  ADD KEY `idx_fecha` (`fecha_viaje`),
  ADD KEY `idx_linea` (`id_linea`);

--
-- Indices de la tabla `lineas`
--
ALTER TABLE `lineas`
  ADD PRIMARY KEY (`id_linea`);

--
-- Indices de la tabla `linea_paraderos`
--
ALTER TABLE `linea_paraderos`
  ADD PRIMARY KEY (`id_linea_paradero`),
  ADD KEY `id_linea` (`id_linea`),
  ADD KEY `id_paradero` (`id_paradero`);

--
-- Indices de la tabla `paraderos`
--
ALTER TABLE `paraderos`
  ADD PRIMARY KEY (`id_paradero`);

--
-- Indices de la tabla `usuarios`
--
ALTER TABLE `usuarios`
  ADD PRIMARY KEY (`id_usuario`),
  ADD UNIQUE KEY `email` (`email`);

--
-- AUTO_INCREMENT de las tablas volcadas
--

--
-- AUTO_INCREMENT de la tabla `historial_viajes`
--
ALTER TABLE `historial_viajes`
  MODIFY `id` int(11) NOT NULL AUTO_INCREMENT, AUTO_INCREMENT=2;

--
-- AUTO_INCREMENT de la tabla `lineas`
--
ALTER TABLE `lineas`
  MODIFY `id_linea` int(11) NOT NULL AUTO_INCREMENT, AUTO_INCREMENT=33;

--
-- AUTO_INCREMENT de la tabla `linea_paraderos`
--
ALTER TABLE `linea_paraderos`
  MODIFY `id_linea_paradero` int(11) NOT NULL AUTO_INCREMENT, AUTO_INCREMENT=909;

--
-- AUTO_INCREMENT de la tabla `paraderos`
--
ALTER TABLE `paraderos`
  MODIFY `id_paradero` int(11) NOT NULL AUTO_INCREMENT, AUTO_INCREMENT=690;

--
-- AUTO_INCREMENT de la tabla `usuarios`
--
ALTER TABLE `usuarios`
  MODIFY `id_usuario` int(11) NOT NULL AUTO_INCREMENT, AUTO_INCREMENT=12;

--
-- Restricciones para tablas volcadas
--

--
-- Filtros para la tabla `historial_viajes`
--
ALTER TABLE `historial_viajes`
  ADD CONSTRAINT `historial_viajes_ibfk_1` FOREIGN KEY (`id_usuario`) REFERENCES `usuarios` (`id_usuario`) ON DELETE CASCADE,
  ADD CONSTRAINT `historial_viajes_ibfk_2` FOREIGN KEY (`id_linea`) REFERENCES `lineas` (`id_linea`) ON DELETE CASCADE;

--
-- Filtros para la tabla `linea_paraderos`
--
ALTER TABLE `linea_paraderos`
  ADD CONSTRAINT `linea_paraderos_ibfk_1` FOREIGN KEY (`id_linea`) REFERENCES `lineas` (`id_linea`),
  ADD CONSTRAINT `linea_paraderos_ibfk_2` FOREIGN KEY (`id_paradero`) REFERENCES `paraderos` (`id_paradero`);
COMMIT;

/*!40101 SET CHARACTER_SET_CLIENT=@OLD_CHARACTER_SET_CLIENT */;
/*!40101 SET CHARACTER_SET_RESULTS=@OLD_CHARACTER_SET_RESULTS */;
/*!40101 SET COLLATION_CONNECTION=@OLD_COLLATION_CONNECTION */;
